ANTEON INTERNATIONAL CORP (De-listed 06/2006),Jun - 2006,n.a.,n.a.,n.a.,n.a.,n.a.,n.a.,n.a.,n.a.,n.a.,n.a.,n.a.
ANTEON INTERNATIONAL CORP (De-listed 06/2006),Jun - 2006,2.7,2,5.5,59.2,3,n.a.,n.a.,n.a.,n.a.,n.a.,n.a.
ANTEON INTERNATIONAL CORP (De-listed 06/2006),Dec - 2004,2.7,2,5.5,59.2,3,3.1,3.1,1.2,10.2,1.1,1.1
ANTEON INTERNATIONAL CORP (De-listed 06/2006),Dec - 2003,2.5,1.8,5.2,57.8,2.9,2.6,2.6,1.1,10.7,1.1,1.1
AMETEK INC,Current,2.9,1.5,15.2,67.7,2.3,10.1,10.1,2,3.6,0.7,0.7
AMETEK INC,Current,2.9,1.5,15.2,67.7,2.3,10.1,10.1,2,3.6,0.7,0.7
AMETEK INC,Dec - 2009,3.1,1.7,16.3,66.7,2.3,9,9,2,3.6,0.7,0.7
AMETEK INC,Dec - 2008,3.1,1.9,14.3,64.7,2.3,9,9,2,3.6,0.7,0.7
AMERISOURCEBERGEN CORPORATION,Current,3.6,2.1,6.2,62,2.3,3.2,3.2,3.1,8.1,0.8,0.8
AMERISOURCEBERGEN CORPORATION,Current,4,2.3,5.8,62.4,2.3,3.2,3.2,3.1,8.1,0.8,0.8
AMERISOURCEBERGEN CORPORATION,Sep - 2009,4.3,2.4,5.1,62.8,2.3,2.6,2.6,3.1,7.3,0.9,0.9
AMERISOURCEBERGEN CORPORATION,Sep - 2008,4,2.3,5,63.9,2.5,2.5,2.5,3,7.7,0.8,0.8
AMERICREDIT CORP (De-listed 10/2010),Oct - 2010,n.a.,n.a.,n.a.,n.a.,n.a.,n.a.,n.a.,n.a.,n.a.,n.a.,n.a.
AMERICREDIT CORP (De-listed 10/2010),Oct - 2010,3.3,1.8,10.2,65.6,0.8,n.a.,n.a.,n.a.,n.a.,n.a.,n.a.
AMERICREDIT CORP (De-listed 10/2010),Jun - 2010,3.5,1.8,9.3,63.3,0.9,7.9,7.9,2.1,12.7,1,1
AMERICREDIT CORP (De-listed 10/2010),Jun - 2009,3.3,1.9,9.6,64,0.9,7.8,7.8,2.2,13.5,0.9,0.9
AMERICAN INTERNATIONAL GROUP (AIG) INC,Current,5,2.7,2.1,62.3,2.4,1.7,1.7,3.7,7.5,0.9,0.9
AMERICAN INTERNATIONAL GROUP (AIG) INC,Current,6,3.2,1.5,62.8,2.2,1.7,1.7,3.7,7.5,0.9,0.9
AMERICAN INTERNATIONAL GROUP (AIG) INC,Dec - 2009,5.4,2.8,4.2,63.4,2.3,1.6,1.6,3.6,7.8,1,1
AMERICAN INTERNATIONAL GROUP (AIG) INC,Dec - 2008,5.4,2.3,5.8,65.1,2.2,6.1,6.1,3.8,7.4,0.9,0.9
ACUITY BRANDS INC (Quoted),Current,6.6,3.3,7.1,68.6,2,2.8,2.8,2.6,4.6,0.5,0.5
ACUITY BRANDS INC (Quoted),Current,6.6,3.3,6.8,68.4,2,2.8,2.8,2.6,4.6,0.5,0.5
ACUITY BRANDS INC (Quoted),Aug - 2010,6.4,3.1,5.8,67.4,2,2.8,2.8,2.6,4.7,0.5,0.5
ACUITY BRANDS INC (Quoted),Aug - 2009,6.4,3.3,5.5,66.6,2,2.8,2.8,2.6,4.7,0.5,0.5
ADMINISTAFF INC (Quoted),Current,3.2,2,10.9,57.8,1.7,3.5,3.5,3.1,8.6,0.7,0.7
ADMINISTAFF INC (Quoted),Current,3,2,9.9,56.8,1.7,3.5,3.5,3.1,8.6,0.7,0.7
ADMINISTAFF INC (Quoted),Dec - 2009,2.8,2,8.9,55.8,1.7,3.5,3.5,2.8,8.6,0.7,0.7
ADMINISTAFF INC (Quoted),Dec - 2008,2.8,2,7.9,54.8,1.7,3.5,3.5,2.4,8.6,0.7,0.7
AGILYSYS INC (Pioneer Standard Electronics prior to 09/2003) (Quoted),Current,3.3,1.3,7.1,58.5,2.1,4.2,4.2,2.9,11,0.6,0.6
AGILYSYS INC (Pioneer Standard Electronics prior to 09/2003) (Quoted),Current,3.3,1.3,6.4,58.5,2.1,4.2,4.2,2.9,11,0.6,0.6
AGILYSYS INC (Pioneer Standard Electronics prior to 09/2003) (Quoted),Mar - 2010,2.9,1.5,5.4,58,1.9,4.2,4.2,2.9,11,0.6,0.6
AGILYSYS INC (Pioneer Standard Electronics prior to 09/2003) (Quoted),Mar - 2009,2.8,1.8,6.4,63.3,2.4,4.1,4.1,3,10.4,0.6,0.6
AIR TRANSPORT SERVICES GROUP INC (ABX Holdings Inc prior to 05/2008) (Quoted),Current,2,1.4,5.2,60.3,1.3,2.1,2.1,0.9,15.6,1.4,1.4
AIR TRANSPORT SERVICES GROUP INC (ABX Holdings Inc prior to 05/2008) (Quoted),Current,1.9,1.3,4.2,59.3,1.3,2.1,2.1,0.9,15.6,1.4,1.4
AIR TRANSPORT SERVICES GROUP INC (ABX Holdings Inc prior to 05/2008) (Quoted),Dec - 2009,1.7,1.2,3.8,62.2,1.2,2.1,2.1,0.6,15.6,1.4,1.4
AIR TRANSPORT SERVICES GROUP INC (ABX Holdings Inc prior to 05/2008) (Quoted),Dec - 2008,1.8,1.6,3.3,64.8,1.4,1.7,1.7,0.5,13.4,1.5,1.5
ALBERTSONS INC (De-listed 06/2006) (Quoted),Jun - 2006,n.a.,n.a.,n.a.,n.a.,n.a.,n.a.,n.a.,n.a.,n.a.,n.a.,n.a.
ALBERTSONS INC (De-listed 06/2006) (Quoted),Jun - 2006,4.2,2.6,6.5,56.9,1.5,n.a.,n.a.,n.a.,n.a.,n.a.,n.a.
ALBERTSONS INC (De-listed 06/2006) (Quoted),Feb - 2005,4,2.8,7.7,59.9,1.4,5.9,5.9,3,8.2,0.9,0.9
ALBERTSONS INC (De-listed 06/2006) (Quoted),Jan - 2004,3.8,2.8,7.4,59.2,1.4,5.4,5.4,2.7,7,1,1
ALTRIA GROUP INC (Philip Morris Cos prior to 01/2003) (Quoted),Current,3.3,2,9.2,65.7,3.7,10.9,10.7,1.8,7.4,1.8,1.8
ALTRIA GROUP INC (Philip Morris Cos prior to 01/2003) (Quoted),Current,3.4,2.1,9.3,64.5,3.8,10.9,10.7,1.8,7.4,1.8,1.8
ALTRIA GROUP INC (Philip Morris Cos prior to 01/2003) (Quoted),Dec - 2009,3.3,2,8.3,63.5,3.8,11.2,10.8,1.9,7.8,1.9,1.9
ALTRIA GROUP INC (Philip Morris Cos prior to 01/2003) (Quoted),Dec - 2008,5.1,2,15.3,66.7,3.5,11.2,10.8,1.8,7.8,1.9,1.9
AMERICAN GREETINGS CORP (Quoted),Current,4.2,2.8,9,61.3,2.5,6.6,6.4,1.6,5.1,0.8,0.8
AMERICAN GREETINGS CORP (Quoted),Current,4.2,2.8,8.1,61.3,2.5,6.6,6.4,1.6,5.1,0.8,0.8
AMERICAN GREETINGS CORP (Quoted),Feb - 2010,4,2.9,6.8,60.9,2.4,6.6,6.4,1.6,5.1,0.8,0.8
AMERICAN GREETINGS CORP (Quoted),Feb - 2009,4.6,3.3,6.1,61.4,2.4,6.1,6,1.5,4.9,0.7,0.7
AMERICAN INTERNATIONAL GROUP (AIG) INC (Quoted),Current,5,2.7,2.1,62.3,2.4,1.7,1.7,3.7,7.5,0.9,0.9
AMERICAN INTERNATIONAL GROUP (AIG) INC (Quoted),Current,6,3.2,1.5,62.8,2.2,1.7,1.7,3.7,7.5,0.9,0.9
AMERICAN INTERNATIONAL GROUP (AIG) INC (Quoted),Dec - 2009,5.4,2.8,4.2,63.4,2.3,1.6,1.6,3.6,7.8,1,1
AMERICAN INTERNATIONAL GROUP (AIG) INC (Quoted),Dec - 2008,5.4,2.3,5.8,65.1,2.2,6.1,6.1,3.8,7.4,0.9,0.9
AMERICREDIT CORP (De-listed 10/2010) (Quoted),Oct - 2010,n.a.,n.a.,n.a.,n.a.,n.a.,n.a.,n.a.,n.a.,n.a.,n.a.,n.a.
AMERICREDIT CORP (De-listed 10/2010) (Quoted),Oct - 2010,3.3,1.8,10.2,65.6,0.8,n.a.,n.a.,n.a.,n.a.,n.a.,n.a.
AMERICREDIT CORP (De-listed 10/2010) (Quoted),Jun - 2010,3.5,1.8,9.3,63.3,0.9,7.9,7.9,2.1,12.7,1,1
AMERICREDIT CORP (De-listed 10/2010) (Quoted),Jun - 2009,3.3,1.9,9.6,64,0.9,7.8,7.8,2.2,13.5,0.9,0.9
AMERISOURCEBERGEN CORPORATION (Quoted),Current,3.6,2.1,6.2,62,2.3,3.2,3.2,3.1,8.1,0.8,0.8
AMERISOURCEBERGEN CORPORATION (Quoted),Current,4,2.3,5.8,62.4,2.3,3.2,3.2,3.1,8.1,0.8,0.8
AMERISOURCEBERGEN CORPORATION (Quoted),Sep - 2009,4.3,2.4,5.1,62.8,2.3,2.6,2.6,3.1,7.3,0.9,0.9
AMERISOURCEBERGEN CORPORATION (Quoted),Sep - 2008,4,2.3,5,63.9,2.5,2.5,2.5,3,7.7,0.8,0.8
AMETEK INC (Quoted),Current,2.9,1.5,15.2,67.7,2.3,10.1,10.1,2,3.6,0.7,0.7
AMETEK INC (Quoted),Current,3.1,1.7,16.3,66.7,2.3,10.1,10.1,2,3.6,0.7,0.7
AMETEK INC (Quoted),Dec - 2009,3.1,1.9,15.3,65.7,2.3,9,9,2,3.6,0.7,0.7
AMETEK INC (Quoted),Dec - 2008,3.1,1.9,14.3,64.7,2.3,9,9,2,3.6,0.7,0.7
ANTEON INTERNATIONAL CORP (De-listed 06/2006) (Quoted),Jun - 2006,n.a.,n.a.,n.a.,n.a.,n.a.,n.a.,n.a.,n.a.,n.a.,n.a.,n.a.
ANTEON INTERNATIONAL CORP (De-listed 06/2006) (Quoted),Jun - 2006,2.7,2,5.5,59.2,3,n.a.,n.a.,n.a.,n.a.,n.a.,n.a.
ANTEON INTERNATIONAL CORP (De-listed 06/2006) (Quoted),Dec - 2004,2.5,1.8,5.2,57.8,2.9,3.1,3.1,1.2,10.2,1.1,1.1
ANTEON INTERNATIONAL CORP (De-listed 06/2006) (Quoted),Dec - 2003,2.3,1.5,4.2,56.8,2.9,2.6,2.6,1.1,10.7,1.1,1.1
APRIA HEALTHCARE GROUP INC (De-listed 10/2008) (Quoted),Oct - 2008,n.a.,n.a.,n.a.,n.a.,n.a.,n.a.,n.a.,n.a.,n.a.,n.a.,n.a.
APRIA HEALTHCARE GROUP INC (De-listed 10/2008) (Quoted),Oct - 2008,3.4,2,5.8,58.4,2.5,n.a.,n.a.,n.a.,n.a.,n.a.,n.a.
APRIA HEALTHCARE GROUP INC (De-listed 10/2008) (Quoted),Dec - 2007,3.4,2.5,4.8,57.4,2.5,4,4,2.5,3.1,0.7,0.7
APRIA HEALTHCARE GROUP INC (De-listed 10/2008) (Quoted),Dec - 2006,3.8,2.8,6.3,57.4,2.4,4,4,2.5,3.1,0.7,0.7
APTARGROUP INC (Quoted),Current,3,1.8,8.9,58.5,1.9,6.3,6.3,1.1,9,1.2,1.2
APTARGROUP INC (Quoted),Current,2.6,1.5,10,60.1,2,6.3,6.3,1.1,9,1.2,1.2
APTARGROUP INC (Quoted),Dec - 2009,2.6,1.5,11.1,63.5,1.8,5.9,5.9,1.4,10.6,1,1
APTARGROUP INC (Quoted),Dec - 2008,2.9,1.6,9.4,61,1.9,5.1,5.1,1.2,9.8,1.2,1.2
ARCHER-DANIELS-MIDLAND CO (Quoted),Current,3.7,2.6,5.3,57.8,2,4.1,4.1,1.6,5.3,0.7,0.7
ARCHER-DANIELS-MIDLAND CO (Quoted),Current,3.6,2.4,4.8,57.7,2,4.1,4.1,1.6,5.3,0.7,0.7
ARCHER-DANIELS-MIDLAND CO (Quoted),Jun - 2010,4.9,3.3,6.5,58,2.1,4.1,4.1,1.7,5.4,0.7,0.7
ARCHER-DANIELS-MIDLAND CO (Quoted),Jun - 2009,4.6,3.3,5.3,57.3,2,5.2,5.2,3.4,7,0.9,0.9
ARKANSAS BEST CORP (Quoted),Current,2.4,1.7,17.7,70.9,2.1,11.5,11.5,1.5,5.9,1,1
ARKANSAS BEST CORP (Quoted),Current,2.4,1.9,16.7,70.1,2.1,11.5,11.5,1.5,5.9,1,1
ARKANSAS BEST CORP (Quoted),Dec - 2009,2.7,2,11.9,69.3,2.3,11.5,11.5,1.5,6.3,1,1
ARKANSAS BEST CORP (Quoted),Dec - 2008,2.4,1.9,14.7,68.1,2.1,7.1,7.1,1.5,6.8,0.9,0.9
ARTHUR J GALLAGHER & CO (Quoted),Current,2.4,1.1,8.3,63.9,1.5,7.3,7.3,1.3,8.4,0.7,0.7
ARTHUR J GALLAGHER & CO (Quoted),Current,2.3,1.1,8.3,63.6,1.3,7.3,7.3,1.3,8.4,0.7,0.7
ARTHUR J GALLAGHER & CO (Quoted),Dec - 2009,2.4,1.3,8.2,62.5,1.3,7.4,7.4,1.2,8.1,0.8,0.8
ARTHUR J GALLAGHER & CO (Quoted),Dec - 2008,2.3,1.3,8.2,62.5,1.5,7.3,7.3,1.2,8.6,0.8,0.8
ASSOCIATED BANC-CORP (Quoted),Current,3.3,2.2,10.2,60.4,1.2,6.7,6.7,2.5,6.8,1.3,1.3
ASSOCIATED BANC-CORP (Quoted),Current,2.4,1.6,10.6,59.4,1.6,6.7,6.7,2.5,6.8,1.3,1.3
ASSOCIATED BANC-CORP (Quoted),Dec - 2009,2.4,1.7,11.2,59.4,1.5,6.5,6.5,1.9,6.7,1.5,1.5
ASSOCIATED BANC-CORP (Quoted),Dec - 2008,2.4,1.7,10.2,58.4,1.5,7.9,7.9,1.8,7.1,1.4,1.4
AT&T INC (SBC Communications prior to 11/2005) (Quoted),Current,6.2,2.4,8,64.9,2.1,5.2,5.2,2.4,5.4,1.3,1.3
AT&T INC (SBC Communications prior to 11/2005) (Quoted),Current,6.3,2.6,9.1,66,2.4,5.2,5.2,2.4,5.4,1.3,1.3
AT&T INC (SBC Communications prior to 11/2005) (Quoted),Dec - 2009,6.3,3.1,8.1,65,2.4,6.6,6.6,2.2,3.9,1.5,1.5
AT&T INC (SBC Communications prior to 11/2005) (Quoted),Dec - 2008,6.1,3.3,9,65.4,2.5,6.6,6.6,2.2,3.9,1.5,1.5
ATLAS ENERGY INC (Atlas America Inc prior to 09/2009) (Quoted),Current,2.2,1.6,3.5,61.8,2,2.5,2.5,0.8,8.1,1.6,1.6
ATLAS ENERGY INC (Atlas America Inc prior to 09/2009) (Quoted),Current,2,1.3,2.3,59,2.1,2.5,2.5,0.8,8.1,1.6,1.6
ATLAS ENERGY INC (Atlas America Inc prior to 09/2009) (Quoted),Dec - 2009,1.7,1.2,4.4,57.3,2,2.5,2.5,0.8,9.1,1.5,1.5
ATLAS ENERGY INC (Atlas America Inc prior to 09/2009) (Quoted),Dec - 2008,1.7,1.3,3.4,56.3,2,0.9,5.5,0.7,10.4,1.5,1.5
ATMEL CORP (Quoted),Current,4.6,2.8,3.8,65.6,2.8,1.5,1.5,1,3.7,0.7,0.7
ATMEL CORP (Quoted),Current,4.2,2.6,2.8,64.6,2.8,1.5,1.5,1,3.7,0.7,0.7
ATMEL CORP (Quoted),Dec - 2009,4.2,2.8,1.8,63.6,2.8,1.5,1.5,1.5,3.7,0.7,0.7
ATMEL CORP (Quoted),Dec - 2008,3.3,2.2,6.1,64.5,2,1.5,1.5,1.5,3.7,0.7,0.7
AUTODESK INC (Quoted),Current,3.1,1.7,8.8,58.4,1.7,8,8,1.5,8.1,0.7,0.7
AUTODESK INC (Quoted),Current,3.7,2.1,8.2,58.7,1.9,8,8,1.5,8.1,0.7,0.7
AUTODESK INC (Quoted),Jan - 2010,3.3,1.9,8.5,58.5,1.9,7.7,7.7,1.3,7.3,0.6,0.6
AUTODESK INC (Quoted),Jan - 2009,3.1,2,7.1,58,1.9,7.9,7.9,1.2,7.2,0.6,0.6
AVENTINE RENEWABLE ENERGY HOLDINGS INC (De-listed 03/2009) (Quoted),Mar - 2009,n.a.,n.a.,n.a.,n.a.,n.a.,n.a.,n.a.,n.a.,n.a.,n.a.,n.a.
AVENTINE RENEWABLE ENERGY HOLDINGS INC (De-listed 03/2009) (Quoted),Mar - 2009,2.6,1.3,3.6,57.4,1,n.a.,n.a.,n.a.,n.a.,n.a.,n.a.
AVENTINE RENEWABLE ENERGY HOLDINGS INC (De-listed 03/2009) (Quoted),Dec - 2007,2,1.2,3.1,55.3,0.8,1.6,1.6,1.9,10.9,1.1,1.1
BANK OF AMERICA CORP (Quoted),Current,4.5,2.3,2.9,65.3,1.9,2.1,2.1,2.1,4.7,0.8,0.8
BANK OF AMERICA CORP (Quoted),Current,4.6,2.1,2.9,64.2,1.9,2.1,2.1,2.1,4.7,0.8,0.8
BANK OF AMERICA CORP (Quoted),Dec - 2009,4.9,2.2,6,64.3,2.3,3.1,3.1,2.2,5.1,0.8,0.8
BANK OF AMERICA CORP (Quoted),Dec - 2008,4.9,2.4,4.9,62.8,2.3,3.1,3.1,3,5,2,2
BE AEROSPACE INC (Quoted),Current,2.3,1.2,14.2,66.5,1.2,8.7,8.7,0.7,4.9,1.1,1.1
BE AEROSPACE INC (Quoted),Current,2.3,1.2,13.2,65.5,1.2,8.7,8.7,0.7,4.9,1.1,1.1
BE AEROSPACE INC (Quoted),Dec - 2009,2.3,1.2,12.2,64.5,1.2,8.7,8.7,0.7,4.9,1.1,1.1
BE AEROSPACE INC (Quoted),Dec - 2008,2.2,1.2,11.2,63.5,1.2,8.7,8.7,0.7,4.9,1.1,1.1
BEACON ROOFING SUPPLY INC (Quoted),Current,4.3,2.3,8.5,63,2.2,3.8,3.8,4.4,10.7,0.7,0.7
BEACON ROOFING SUPPLY INC (Quoted),Current,4.3,2.7,7.3,62,2.2,3.8,3.8,4.4,10.7,0.7,0.7
BEACON ROOFING SUPPLY INC (Quoted),Sep - 2009,4.3,2.7,7.3,62,2.2,3.8,3.8,4.4,10.7,0.7,0.7
BEACON ROOFING SUPPLY INC (Quoted),Sep - 2008,4,2.5,5.3,60,2.2,3.8,3.8,4.1,10.7,0.7,0.7
BELO CORP (Quoted),Current,3.7,2.2,13.1,60.6,1.9,10.3,10.5,1.8,4.1,1,1
BELO CORP (Quoted),Current,3.7,2.2,12.1,59.6,1.9,10.3,10.5,1.8,4.1,1,1
BELO CORP (Quoted),Dec - 2009,3.6,2.4,12.6,59.3,1.9,10.3,10.5,1.8,4.1,1,1
BELO CORP (Quoted),Dec - 2008,3,1.9,10.8,60.4,1.9,10,9.8,1.9,3.8,1.1,1.1
BERKSHIRE HATHAWAY INC (Quoted),Current,5.3,2.5,9.3,66.3,1.8,6.4,6.4,3,14.4,0.9,0.9
BERKSHIRE HATHAWAY INC (Quoted),Current,5.2,2.4,8.3,65.4,1.8,6.4,6.4,3,14.4,0.9,0.9
BERKSHIRE HATHAWAY INC (Quoted),Dec - 2009,5.3,2.4,8.2,66,1.8,6.4,6.4,2.9,14.4,0.9,0.9
BERKSHIRE HATHAWAY INC (Quoted),Dec - 2008,5.3,2.6,7.2,65,1.8,6.1,6.1,3.1,14.3,0.9,0.9
BEST BUY CO INC (Quoted),Current,2.8,1.4,9,57.7,2.1,11,11,2.4,9.5,1.1,1.1
BEST BUY CO INC (Quoted),Current,2.8,1.4,9.6,59.8,2,11,11,2.4,9.5,1.1,1.1
BEST BUY CO INC (Quoted),Feb - 2010,2.9,1.5,9.5,60.2,2,11,11.9,2.2,10,1.1,1.1
BEST BUY CO INC (Quoted),Feb - 2009,3.3,1.4,11.6,60.1,2,11.1,12,2.3,9.4,1.1,1.1
BIO RAD LABORATORIES INC (Quoted),Current,2.2,2.2,22.7,71.8,1.2,17.2,21.4,1.5,12,1.2,1.2
BIO RAD LABORATORIES INC (Quoted),Current,1.8,1.8,27.1,76,1,17.2,21.4,1.5,12,1.2,1.2
BIO RAD LABORATORIES INC (Quoted),Dec - 2009,2.2,2,22.3,72.4,1.4,14.8,19.5,1.3,6.6,1.2,1.2
BIO RAD LABORATORIES INC (Quoted),Dec - 2008,2,1.8,21.3,71.4,1.4,15.3,19.7,1.5,7.9,1.4,1.4
BMC SOFTWARE INC (Quoted),Current,4.2,2.2,7.9,56.8,1.8,6.9,6.9,2.5,5.2,0.9,0.9
BMC SOFTWARE INC (Quoted),Current,4,2.1,10.6,58.1,1.5,6.9,6.9,2.5,5.2,0.9,0.9
BMC SOFTWARE INC (Quoted),Mar - 2010,3.9,2.1,9.6,57.1,1.5,7.1,7.1,2.5,6,1,1
BMC SOFTWARE INC (Quoted),Mar - 2009,3.6,2.2,9.8,58.1,1.5,7.1,7.1,2.5,6,1,1
BOB EVANS FARMS INC (Quoted),Current,2.4,1.4,12.2,59.9,1.9,9.8,14.4,2.8,5.4,0.7,0.7
BOB EVANS FARMS INC (Quoted),Current,2.3,1.4,11.5,59.8,1.9,9.8,14.4,2.8,5.4,0.7,0.7
BOB EVANS FARMS INC (Quoted),Apr - 2010,1.3,1.3,11.9,58,1.8,9.8,14.4,2.8,5.6,0.7,0.7
BOB EVANS FARMS INC (Quoted),Apr - 2009,1.3,1.3,14.4,59.5,1.6,9.6,14.4,0.4,5.5,0.7,0.7
BOEING CO (Quoted),Current,5.2,2.3,6.4,62,1.8,5.5,5.5,2.5,6.4,0.6,0.6
BOEING CO (Quoted),Current,4.6,2.1,7.1,61.7,1.6,5.5,5.5,2.5,6.4,0.6,0.6
BOEING CO (Quoted),Dec - 2009,5,2.1,7.8,62,1.8,5.2,5.2,2.7,6.8,0.5,0.5
BOEING CO (Quoted),Dec - 2008,5.1,2.7,6.5,62.3,1.9,4.5,4.5,2.8,6.7,0.4,0.4
BOSTON PROPERTIES INC (Quoted),Current,2.9,1.4,7.9,63.1,2.4,4.1,4.1,2.4,7.2,0.7,0.7
BOSTON PROPERTIES INC (Quoted),Current,2.5,1.4,7.6,61.5,2.1,4.1,4.1,2.4,7.2,0.7,0.7
BOSTON PROPERTIES INC (Quoted),Dec - 2009,2.5,1.4,6.6,60.5,2.1,3.9,3.9,2.2,7.1,0.8,0.8
BOSTON PROPERTIES INC (Quoted),Dec - 2008,2.4,1.3,6.5,60.3,2.3,3.9,3.9,2.2,7.1,0.8,0.8
BOYD GAMING CORP (Quoted),Current,2.2,1.5,7.2,63.8,2.8,3.6,4.6,1.5,6.8,1.9,1.9
BOYD GAMING CORP (Quoted),Current,2.2,1.5,6.2,62.8,2.8,3.6,4.6,1.5,6.8,1.9,1.9
BOYD GAMING CORP (Quoted),Dec - 2009,2.3,1.5,7.2,63.2,2.7,3.6,4.6,1.5,6.8,1.9,1.9
BOYD GAMING CORP (Quoted),Dec - 2008,2.1,1.4,5.9,62.9,2.4,3.3,4.1,1.1,5.3,1.9,1.9
CALUMET SPECIALTY PRODUCTS PARTNERS LP (Quoted),Current,1.2,1.2,4.4,60,1.7,1.3,1.3,0.4,2.8,0.7,0.7
CALUMET SPECIALTY PRODUCTS PARTNERS LP (Quoted),Current,1.2,1.2,3.4,59,1.7,1.3,1.3,0.4,2.8,0.7,0.7
CALUMET SPECIALTY PRODUCTS PARTNERS LP (Quoted),Dec - 2009,2.5,2,3,59,1.3,1.3,1.3,0.4,2.8,0.7,0.7
CALUMET SPECIALTY PRODUCTS PARTNERS LP (Quoted),Dec - 2008,2.3,2.2,2,58,1.3,0.1,0.1,2.9,1.7,0.5,0.5
CARDINAL HEALTH INC (Quoted),Current,3.3,2.3,5.6,60.3,2.2,5,5,1.6,4.3,0.6,0.6
CARDINAL HEALTH INC (Quoted),Current,3.3,2.3,5.1,60.2,2.2,5,5,1.6,4.3,0.6,0.6
CARDINAL HEALTH INC (Quoted),Jun - 2010,4.2,2.5,8.7,59.9,2.1,5,5,1.6,4.2,0.6,0.6
CARDINAL HEALTH INC (Quoted),Jun - 2009,4.8,2.7,10.1,60.1,2.2,6.2,6.2,2.7,3.4,0.5,0.5
CAREER EDUCATION CORP (Quoted),Current,3.9,2.6,5.4,60.4,2.5,3.4,3.4,4.2,8.5,1.3,1.3
CAREER EDUCATION CORP (Quoted),Current,3.8,2.5,4.4,59.4,2.5,3.4,3.4,4.2,8.5,1.3,1.3
CAREER EDUCATION CORP (Quoted),Dec - 2009,3.6,2.4,3.4,58.4,2.5,3.4,3.4,4,8.5,1.3,1.3
CAREER EDUCATION CORP (Quoted),Dec - 2008,4,2.3,5.8,61,2.7,3.4,3.4,3.8,8.5,1.3,1.3
CARTERS INC (Quoted),Current,3.2,1.7,4.1,63.1,1.3,2.8,2.8,2.8,10.6,0.5,0.5
CARTERS INC (Quoted),Current,3.6,1.8,4.4,66.1,1.4,2.8,2.8,2.8,10.6,0.5,0.5
CARTERS INC (Quoted),Jan - 2010,4,2,4.1,65.9,1.4,2.3,2.3,2.8,7.4,0.5,0.5
CARTERS INC (Quoted),Jan - 2009,4,2,3.5,61.3,1.6,1.9,1.9,2.8,7.6,0.5,0.5
CATERPILLAR INC (Quoted),Current,5.7,2.8,11.3,64.7,2.8,4.9,4.9,2.8,6.4,0.7,0.7
CATERPILLAR INC (Quoted),Current,5.6,2.7,10.3,63.7,2.8,4.9,4.9,2.8,6.4,0.7,0.7
CATERPILLAR INC (Quoted),Dec - 2009,5.5,2.8,10,63.5,2.8,4.9,4.9,2.8,6.4,0.7,0.7
CATERPILLAR INC (Quoted),Dec - 2008,5.4,2.8,9,62.5,2.8,4.3,4.3,3,6,0.7,0.7
CENTENE CORPORATION (Quoted),Current,3.6,2.4,6.7,63.7,1.6,3.6,3.6,2.3,9.1,0.9,0.9
CENTENE CORPORATION (Quoted),Current,3.3,2.3,5.7,62.6,1.5,3.6,3.6,2.3,9.1,0.9,0.9
CENTENE CORPORATION (Quoted),Dec - 2009,2.9,2.3,4.7,61.6,1.5,3.4,3.4,2,8.5,0.9,0.9
CENTENE CORPORATION (Quoted),Dec - 2008,2.6,2,3.7,60.6,1.5,3.4,3.4,1.5,8.5,0.9,0.9
CENTRAL GARDEN & PET CO (Quoted),Current,3.8,1.5,6.3,64.5,2,3.4,3.4,2.5,0.5,0,0
CENTRAL GARDEN & PET CO (Quoted),Current,4.3,1.7,6.9,63.7,2,3.4,3.4,2.5,0.5,0,0
CENTRAL GARDEN & PET CO (Quoted),Sep - 2009,4.3,1.7,5.9,62.7,2,1.1,1.1,2.6,0.5,0,0
CENTRAL GARDEN & PET CO (Quoted),Sep - 2008,3.5,1.8,5.9,63,2.3,1.1,1.1,2.6,0.5,0,0
CEPHALON INC (Quoted),Current,8.1,3,12.1,67.4,1.9,5.9,5.9,4,4.7,0.6,0.6
CEPHALON INC (Quoted),Current,8.1,3.1,11.1,66.4,1.9,5.9,5.9,4,4.7,0.6,0.6
CEPHALON INC (Quoted),Dec - 2009,7.6,3.3,10.1,65.4,1.9,5.9,5.9,4,4.7,0.6,0.6
CEPHALON INC (Quoted),Dec - 2008,7.4,3.3,9.1,64.4,1.9,5.9,5.9,4,4.7,0.6,0.6
CERIDIAN CORP (De-listed 11/2007) (Quoted),Nov - 2007,n.a.,n.a.,n.a.,n.a.,n.a.,n.a.,n.a.,n.a.,n.a.,n.a.,n.a.
CERIDIAN CORP (De-listed 11/2007) (Quoted),Nov - 2007,4.4,2,3.3,62.3,2.4,n.a.,n.a.,n.a.,n.a.,n.a.,n.a.
CERIDIAN CORP (De-listed 11/2007) (Quoted),Dec - 2006,4.4,2,3.3,62.3,2.4,2.4,2.4,2.4,3.6,1,1
CERIDIAN CORP (De-listed 11/2007) (Quoted),Dec - 2005,4.7,1.8,3.4,61.3,2,1.7,1.7,2.4,3.2,0,0
CHAPARRAL STEEL CO (De-listed 09/2007) (Quoted),Sep - 2007,n.a.,n.a.,n.a.,n.a.,n.a.,n.a.,n.a.,n.a.,n.a.,n.a.,n.a.
CHAPARRAL STEEL CO (De-listed 09/2007) (Quoted),Sep - 2007,4.6,2.8,0.7,63.6,2.1,n.a.,n.a.,n.a.,n.a.,n.a.,n.a.
CHEESECAKE FACTORY (Quoted),Current,4,1.5,7.1,64.5,1.3,6.4,6.4,2.8,6.7,1.2,1.2
CHEESECAKE FACTORY (Quoted),Current,3.4,1.4,5.7,63.6,1.6,6.4,6.4,2.8,6.7,1.2,1.2
CHEESECAKE FACTORY (Quoted),Dec - 2009,3,1.3,7.1,64.7,1.4,6,6,2.6,6.2,1.3,1.3
CHEESECAKE FACTORY (Quoted),Dec - 2008,1.8,1.4,8.6,67.4,1.6,6.8,6.8,2.5,6.1,1.2,1.2
CHEVRON CORP (ChevronTexaco prior to 05/2005) (Quoted),Current,5.4,2.6,6,65.7,2.6,3.2,3.2,2.5,5.5,0.9,0.9
CHEVRON CORP (ChevronTexaco prior to 05/2005) (Quoted),Current,5.8,2.8,5.9,65.7,2.8,3.2,3.2,2.5,5.5,0.9,0.9
CHEVRON CORP (ChevronTexaco prior to 05/2005) (Quoted),Dec - 2009,6.1,2.8,5.1,65.2,2.8,2.5,2.5,2.3,5.1,0.9,0.9
CHEVRON CORP (ChevronTexaco prior to 05/2005) (Quoted),Dec - 2008,5.9,2.8,4.5,65.2,2.8,2.5,2.5,2.5,5.2,0.9,0.9
CHICO'S FAS INC (Quoted),Current,7.4,2.1,7.9,62.8,2.3,6.1,6.1,5,7.3,1,1
CHICO'S FAS INC (Quoted),Current,7.3,2.3,6.6,61.5,2.5,6.1,6.1,5,7.3,1,1
CHICO'S FAS INC (Quoted),Jan - 2010,7,2,8.2,62.5,2.2,4.7,4.7,5.7,7.9,1,1
CHICO'S FAS INC (Quoted),Jan - 2009,6.4,1.9,6.4,61,2,5.2,5.2,5.4,7.5,1.1,1.1
CHILDRENS PLACE RETAIL STORES INC (Quoted),Current,5.3,2.3,4.8,65.9,2,3.3,3.3,3.7,6.1,0.7,0.7
CHILDRENS PLACE RETAIL STORES INC (Quoted),Current,5.7,2.4,4.5,65.9,2,3.3,3.3,3.7,6.1,0.7,0.7
CHILDRENS PLACE RETAIL STORES INC (Quoted),Jan - 2010,3.9,1.9,7.6,66,1.4,3,3,3.2,6.1,0.8,0.8
CHILDRENS PLACE RETAIL STORES INC (Quoted),Jan - 2009,2.8,1.3,8.1,62.5,1.2,6.4,7.2,2.6,8.4,0.9,0.9
CINEMARK HOLDINGS INC (Quoted),Current,3.2,2,3.9,55.9,1.6,0.6,0.6,2.2,11.6,0.7,0.7
CINEMARK HOLDINGS INC (Quoted),Current,3.2,2.1,2.9,54.9,1.6,0.6,0.6,2.2,11.6,0.7,0.7
CINEMARK HOLDINGS INC (Quoted),Dec - 2009,3,1.9,1.9,53.9,1.6,0.6,0.6,2.2,11.6,0.7,0.7
CINEMARK HOLDINGS INC (Quoted),Dec - 2008,2.9,1.6,1,53.5,1.8,0.6,0.6,2.2,11.6,0.7,0.7
CITIGROUP INC (Quoted),Current,5.9,2.4,3.8,62.9,2.6,3.7,3.7,2.4,5.3,1.2,1.2
CITIGROUP INC (Quoted),Current,5.9,2.6,4.2,63,2.4,3.7,3.7,2.4,5.3,1.2,1.2
CITIGROUP INC (Quoted),Dec - 2009,6.1,2.8,6.8,65.2,2.2,4.3,4.3,2.4,5.8,1.1,1.1
CITIGROUP INC (Quoted),Dec - 2008,5.8,2.9,6.3,64,2.1,3.7,3.7,1.4,5.9,1,1
CITRIX SYSTEMS INC (Quoted),Current,3,1.7,8.1,53.6,2.3,5.9,5.9,1.6,5.3,0.9,0.9
CITRIX SYSTEMS INC (Quoted),Current,3,1.9,7.1,52.6,2.3,5.9,5.9,1.6,5.3,0.9,0.9
CITRIX SYSTEMS INC (Quoted),Dec - 2009,2.9,1.7,6.1,51.6,2.3,5.9,5.9,1.6,5.3,0.9,0.9
CITRIX SYSTEMS INC (Quoted),Dec - 2008,2.5,1.3,6,50.8,2.3,5.9,5.9,1.6,5.3,0.9,0.9
CKE RESTAURANTS INC (De-listed 07/2010) (Quoted),Jul - 2010,n.a.,n.a.,n.a.,n.a.,n.a.,n.a.,n.a.,n.a.,n.a.,n.a.,n.a.
CKE RESTAURANTS INC (De-listed 07/2010) (Quoted),Jul - 2010,3.6,1.6,13,63.8,1.3,n.a.,n.a.,n.a.,n.a.,n.a.,n.a.
CKE RESTAURANTS INC (De-listed 07/2010) (Quoted),Jan - 2010,3.3,1.4,12,62.8,1.3,8.3,8.3,2.4,13.6,1.2,1.2
CKE RESTAURANTS INC (De-listed 07/2010) (Quoted),Jan - 2009,3.2,1.4,11,61.8,1.3,8.3,8.3,2.3,13.6,1.2,1.2
CME GROUP INC (Chicago Mercantile Exchange Holdings Inc prior to 07/2007) (Quoted),Current,2.3,1.4,5.5,58.7,1.6,3.1,3.1,2,8,1.3,1.3
CME GROUP INC (Chicago Mercantile Exchange Holdings Inc prior to 07/2007) (Quoted),Current,2.3,1.5,4.8,58.2,1.7,3.1,3.1,2,8,1.3,1.3
CME GROUP INC (Chicago Mercantile Exchange Holdings Inc prior to 07/2007) (Quoted),Dec - 2009,4,2,3.5,61.3,1.6,2.9,2.9,1.9,8,1.3,1.3
CME GROUP INC (Chicago Mercantile Exchange Holdings Inc prior to 07/2007) (Quoted),Dec - 2007,4,2,3.5,61.3,1.6,1.3,1.3,2.8,10.6,0.7,0.7
COLONIAL BANCGROUP INC (De-listed 08/2009) (Quoted),Aug - 2009,n.a.,n.a.,n.a.,n.a.,n.a.,n.a.,n.a.,n.a.,n.a.,n.a.,n.a.
COLONIAL BANCGROUP INC (De-listed 08/2009) (Quoted),Aug - 2009,n.a.,n.a.,n.a.,n.a.,n.a.,n.a.,n.a.,n.a.,n.a.,n.a.,n.a.
COLONIAL BANCGROUP INC (De-listed 08/2009) (Quoted),Dec - 2008,1.1,1,18.4,65.1,1.1,7,7.4,0.3,5,1.3,1.3
COLONIAL BANCGROUP INC (De-listed 08/2009) (Quoted),Dec - 2007,1.1,1,16.4,63.3,1,7.8,8.2,0.3,5.9,1.3,1.3
COMMSCOPE INC (Quoted),Current,2.5,2,10.1,71.2,0.3,3.5,3.5,2.5,5.3,0.5,0.5
COMMSCOPE INC (Quoted),Current,2.5,2,10.1,71.2,0.3,3.5,3.5,2.5,5.3,0.5,0.5
COMMSCOPE INC (Quoted),Dec - 2009,2.5,2,9.1,70.2,0.3,3.5,3.5,2.5,5.3,0.5,0.5
COMMSCOPE INC (Quoted),Dec - 2008,2.5,2.3,7.1,68.2,0.3,3.9,3.9,2.8,6.2,0.4,0.4
COMPLETE PRODUCTION SERVICES INC (Quoted),Current,5.8,2.2,5.4,62.3,1.8,1.9,1.9,3.5,8.5,0.4,0.4
COMPLETE PRODUCTION SERVICES INC (Quoted),Current,5.1,1.9,4.4,60.4,1.9,1.9,1.9,3.5,8.5,0.4,0.4
COMPLETE PRODUCTION SERVICES INC (Quoted),Dec - 2009,4.8,2,3.4,57.9,2,1.8,1.8,3.5,8.2,0.3,0.3
COMPLETE PRODUCTION SERVICES INC (Quoted),Dec - 2008,4.5,1.9,2.4,56.9,2,1.7,1.7,3.3,8.7,0.5,0.5
CONOCOPHILLIPS (Quoted),Current,4.9,2.5,6.4,62.8,1.8,2.2,2.2,2.8,5.4,0.6,0.6
CONOCOPHILLIPS (Quoted),Current,5.1,2.4,5.8,63.1,1.8,2.2,2.2,2.8,5.4,0.6,0.6
CONOCOPHILLIPS (Quoted),Dec - 2009,5.1,2.6,4.8,62.1,1.8,1.6,1.6,2.9,2.9,0.6,0.6
CONOCOPHILLIPS (Quoted),Dec - 2008,4.8,2.5,4.2,63.3,2.1,1.6,1.6,2.9,2.9,0.6,0.6
COSTCO WHOLESALE CORP (Costco Companies Inc prior to 06/1999) (Price/Costco Inc prior to 01/1997) (Quoted),Current,2.5,1.8,12.1,68.7,1.7,5.1,5.1,1.9,12.7,1.2,1.2
COSTCO WHOLESALE CORP (Costco Companies Inc prior to 06/1999) (Price/Costco Inc prior to 01/1997) (Quoted),Current,2.7,1.9,10.2,67.6,1.9,5.1,5.1,1.9,12.7,1.2,1.2
COSTCO WHOLESALE CORP (Costco Companies Inc prior to 06/1999) (Price/Costco Inc prior to 01/1997) (Quoted),Aug - 2009,2.9,2,10.3,68.4,2,5.1,5.1,1.9,13.2,1.1,1.1
COSTCO WHOLESALE CORP (Costco Companies Inc prior to 06/1999) (Price/Costco Inc prior to 01/1997) (Quoted),Aug - 2008,2.9,2,10.3,68.4,2,4.2,4.2,1.9,12.6,1.2,1.2
COVANCE INC (Quoted),Current,4.6,2.7,5.2,60,2.6,3.7,3.7,3,4,1.8,1.8
COVANCE INC (Quoted),Current,4.4,2.9,4.2,59,2.6,3.7,3.7,3,4,1.8,1.8
COVANCE INC (Quoted),Dec - 2009,4.7,2.2,5.8,62.7,2.3,3.7,3.7,3,4,1.8,1.8
COVANCE INC (Quoted),Dec - 2008,3.9,2,7.4,64,2.4,4.3,4.3,3.6,6.9,1.9,1.9
COVANTA HOLDING CORP (Danielson Holdings prior to 09/2005) (Quoted),Current,4.6,1.9,7.4,57.4,1.9,3.8,3.8,4.8,7.6,1.1,1.1
COVANTA HOLDING CORP (Danielson Holdings prior to 09/2005) (Quoted),Current,5.7,2.3,6.6,60,1.9,3.8,3.8,4.8,7.6,1.1,1.1
COVANTA HOLDING CORP (Danielson Holdings prior to 09/2005) (Quoted),Dec - 2009,6,2.3,6.2,59.3,1.9,3.5,3.5,5.2,10.3,1.1,1.1
COVANTA HOLDING CORP (Danielson Holdings prior to 09/2005) (Quoted),Dec - 2008,5.9,2.4,5.2,58.3,1.9,3.1,3.1,5.3,10.7,1.1,1.1
CURTISS-WRIGHT CORP (Quoted),Current,2.1,1.4,9.9,65.6,2.4,5.8,5.8,1.2,7.7,0.7,0.7
CURTISS-WRIGHT CORP (Quoted),Current,2.1,1.4,8.9,64.6,2.4,5.8,5.8,1.2,7.7,0.7,0.7
CURTISS-WRIGHT CORP (Quoted),Dec - 2009,2.1,1.4,7.9,63.6,2.4,5.8,5.8,1.2,7.7,0.7,0.7
CURTISS-WRIGHT CORP (Quoted),Dec - 2008,2.1,1.3,8.5,64.8,2.4,5.8,5.8,1.2,7.7,0.7,0.7
CVS CAREMARK CORP (CVS/CAREMARK Corp prior to 05/2007) (Quoted),Current,6.8,2.3,7.6,64,2.1,4.9,4.9,3.8,7.6,1.1,1.1
CVS CAREMARK CORP (CVS/CAREMARK Corp prior to 05/2007) (Quoted),Current,6.7,2.5,6.6,63,2.1,4.9,4.9,3.8,7.6,1.1,1.1
CVS CAREMARK CORP (CVS/CAREMARK Corp prior to 05/2007) (Quoted),Dec - 2009,6.7,2.8,5.6,62,2.1,4.9,4.9,3.6,7.6,1.1,1.1
CVS CAREMARK CORP (CVS/CAREMARK Corp prior to 05/2007) (Quoted),Dec - 2008,6.7,3.3,4.6,61,2.1,4.9,4.9,3.6,7.6,1.1,1.1
CYPRESS SEMICONDUCTOR CORP (Quoted),Current,4.6,1.9,7.6,57.9,2,5,5.6,2.4,7.9,1.8,1.8
CYPRESS SEMICONDUCTOR CORP (Quoted),Current,4.7,2.5,7.8,60,2,5,5.6,2.4,7.9,1.8,1.8
CYPRESS SEMICONDUCTOR CORP (Quoted),Jan - 2010,4.5,2.8,6.8,58,2,4.4,4.4,2.6,6.3,1.9,1.9
CYPRESS SEMICONDUCTOR CORP (Quoted),Dec - 2008,4.5,3,5.8,57,2,4.4,4.4,2.4,6.3,1.9,1.9
DELL INC (Dell Computer Corp prior to 07/2003) (Quoted),Current,6.5,2.7,9,62.1,2,6.7,6.7,3.8,8.6,0.9,0.9
DELL INC (Dell Computer Corp prior to 07/2003) (Quoted),Current,6.5,2.8,9,61.2,2,6.7,6.7,3.8,8.6,0.9,0.9
DELL INC (Dell Computer Corp prior to 07/2003) (Quoted),Jan - 2010,7.2,3.2,10.1,63.5,1.9,6.3,6.3,4,8.9,0.9,0.9
DELL INC (Dell Computer Corp prior to 07/2003) (Quoted),Jan - 2009,6.4,2.8,8.5,62.7,1.9,4.8,4.8,4.5,7.4,0.8,0.8
DELPHI FINANCIAL GROUP INC (Quoted),Current,2.7,1.3,8.3,68.4,2.3,5.2,5.2,2.1,7.8,1.2,1.2
DELPHI FINANCIAL GROUP INC (Quoted),Current,2.7,1.4,7.3,67.4,2.3,5.2,5.2,2.1,7.8,1.2,1.2
DELPHI FINANCIAL GROUP INC (Quoted),Dec - 2009,2.7,1.4,6.3,66.4,2.3,5.2,5.2,2.1,7.8,1.2,1.2
DELPHI FINANCIAL GROUP INC (Quoted),Dec - 2008,2.7,1.4,5.3,65.4,2.3,5.2,5.2,2.1,7.8,1.2,1.2
DELUXE CORP (Quoted),Current,2.4,1.8,7.6,59.2,2.3,3.7,3.7,2.5,5.2,0.7,0.7
DELUXE CORP (Quoted),Current,2.4,1.9,6.6,58.2,2.3,3.7,3.7,2.5,5.2,0.7,0.7
DELUXE CORP (Quoted),Dec - 2009,2.4,1.9,5.6,57.2,2.3,3.7,3.7,2.5,5.2,0.7,0.7
DELUXE CORP (Quoted),Dec - 2008,2.4,1.9,4.6,56.2,2.3,3.7,3.7,2.5,5.2,0.7,0.7
DOLLAR THRIFTY AUTOMOTIVE GROUP INC (Quoted),Current,5.8,3,10.9,63.2,2.2,3.2,3.2,2.5,7.5,0.4,0.4
DOLLAR THRIFTY AUTOMOTIVE GROUP INC (Quoted),Current,5.6,2.8,9.9,62.2,2.2,3.2,3.2,2.5,7.5,0.4,0.4
DOLLAR THRIFTY AUTOMOTIVE GROUP INC (Quoted),Dec - 2009,5,2.5,9.2,62.8,2.2,3.2,3.2,2.7,7.5,0.4,0.4
DOLLAR THRIFTY AUTOMOTIVE GROUP INC (Quoted),Dec - 2008,4.6,2.3,8.2,62.1,2.3,3,3,2.6,7.7,0.4,0.4
DOMINO'S PIZZA INC (Quoted),Current,4.1,2,5.2,53.9,1.9,3.5,3.5,2.9,6.9,1.1,1.1
DOMINO'S PIZZA INC (Quoted),Current,3.8,2,5,58,2.2,3.5,3.5,2.9,6.9,1.1,1.1
DOMINO'S PIZZA INC (Quoted),Jan - 2010,4.7,2.2,4.1,57.8,2.3,0.6,0.6,2.8,10.8,1.3,1.3
DOMINO'S PIZZA INC (Quoted),Dec - 2008,4.7,2.3,3.1,56.8,2.3,0.6,0.6,3.2,10.7,1.2,1.2
DOW CHEMICAL CO (Quoted),Current,4.3,2.4,10.6,61.4,2.4,8.4,12.5,3,6.1,1.1,1.1
DOW CHEMICAL CO (Quoted),Current,4.3,2.3,10.6,61.1,2.1,8.4,12.5,3,6.1,1.1,1.1
DOW CHEMICAL CO (Quoted),Dec - 2009,4.3,2.4,9.6,60.1,2.1,8.2,12.5,3.1,5.9,0.7,0.7
DOW CHEMICAL CO (Quoted),Dec - 2008,4.4,2.3,8.3,58.7,2.2,8.2,12.5,3.1,5.9,0.7,0.7
DPL INC (Quoted),Current,1.8,1.4,5.5,64.3,2.6,1.7,2.2,1.3,3.1,1.9,1.9
DPL INC (Quoted),Current,1.8,1.5,4.5,63.3,2.6,1.7,2.2,1.3,3.1,1.9,1.9
DPL INC (Quoted),Dec - 2009,1.8,1.5,3.5,62.3,2.6,1.7,2.2,1.3,3.1,1.9,1.9
DPL INC (Quoted),Dec - 2008,1.9,1.6,4.6,61.9,2.8,1.7,2.2,1.3,3.1,1.9,1.9
DRESSER-RAND GROUP INC (Quoted),Current,4.1,2,4.2,60.9,2.4,1.6,1.6,3.7,3.4,0.9,0.9
DRESSER-RAND GROUP INC (Quoted),Current,4.1,2,3.2,59.9,2.4,1.6,1.6,3.7,3.4,0.9,0.9
DRESSER-RAND GROUP INC (Quoted),Dec - 2009,4.1,2,2.7,59.4,2.3,1.6,1.6,3.7,3.4,0.9,0.9
DRESSER-RAND GROUP INC (Quoted),Dec - 2008,2.4,1.5,4,57.8,1.7,0.9,0.9,3.7,3.9,1,1
DUN & BRADSTREET CORP(DELAWARE) (D&B) (Quoted),Current,3.9,2,7.3,62.5,1.9,2.2,2.2,2.3,6.8,0.6,0.6
DUN & BRADSTREET CORP(DELAWARE) (D&B) (Quoted),Current,4.1,2.1,6,62,1.8,2.2,2.2,2.3,6.8,0.6,0.6
DUN & BRADSTREET CORP(DELAWARE) (D&B) (Quoted),Dec - 2009,4.1,2.1,5,61,1.8,2.7,2.7,2.3,7.1,0.6,0.6
DUN & BRADSTREET CORP(DELAWARE) (D&B) (Quoted),Dec - 2008,4.2,2.1,4.6,60.7,1.9,2.7,2.7,2.3,7.1,0.6,0.6
EAGLE ROCK ENERGY PARTNERS LP (Quoted),Current,4.1,1.8,3.1,53.6,1.8,1.6,1.6,3.3,10.3,0.7,0.7
EAGLE ROCK ENERGY PARTNERS LP (Quoted),Current,3.8,1.7,3,51.8,1.7,1.6,1.6,3.3,10.3,0.7,0.7
EAGLE ROCK ENERGY PARTNERS LP (Quoted),Dec - 2009,3.5,1.7,2,50.8,1.7,0.3,0.3,3,11.4,0.7,0.7
EAGLE ROCK ENERGY PARTNERS LP (Quoted),Dec - 2008,3.3,1.8,1,49.8,1.7,0.3,0.3,2.8,11.4,0.7,0.7
ENERGYSOLUTIONS INC (Quoted),Current,4.6,2.4,1.9,59.9,2.4,1,1.2,4.1,6.9,0.9,0.9
ENERGYSOLUTIONS INC (Quoted),Current,4.2,2.2,1.4,59.8,2.4,1,1.2,4.1,6.9,0.9,0.9
ENERGYSOLUTIONS INC (Quoted),Dec - 2009,2,1.6,1.1,52.4,2.1,0.8,0.9,3.6,6.3,0.8,0.8
ENERGYSOLUTIONS INC (Quoted),Dec - 2008,2.9,1.8,0.6,50.4,2.6,0.7,0.7,1.8,11.6,0.6,0.6
EQUIFAX INC (Quoted),Current,2.6,2,5.8,60.4,1.9,5.1,5.1,0.9,4.7,0.3,0.3
EQUIFAX INC (Quoted),Current,2.6,2,4.8,59.4,1.9,5.1,5.1,0.9,4.7,0.3,0.3
EQUIFAX INC (Quoted),Dec - 2009,2.6,2,3.8,58.4,1.9,5.1,5.1,0.9,4.7,0.3,0.3
EQUIFAX INC (Quoted),Dec - 2008,4.7,3.2,8.4,62.4,2.1,5.1,5.1,0.9,4.7,0.3,0.3
EXPRESSJET HOLDINGS INC (De-listed 11/2010) (Quoted),Nov - 2010,n.a.,n.a.,n.a.,n.a.,n.a.,n.a.,n.a.,n.a.,n.a.,n.a.,n.a.
EXPRESSJET HOLDINGS INC (De-listed 11/2010) (Quoted),Nov - 2010,2.3,1.6,3.9,55.4,1.6,n.a.,n.a.,n.a.,n.a.,n.a.,n.a.
EXPRESSJET HOLDINGS INC (De-listed 11/2010) (Quoted),Dec - 2009,2.2,1.6,3,53.9,1.4,2.4,2.3,2,7.2,1.2,1.2
EXPRESSJET HOLDINGS INC (De-listed 11/2010) (Quoted),Dec - 2008,2.6,1.7,2.7,52.7,1.1,2.2,2.2,2,8.1,1.2,1.2
EXXON MOBIL CORP (Quoted),Current,5.5,2.3,4.4,63.9,2.3,3.7,3.7,2.6,4.9,1,1
EXXON MOBIL CORP (Quoted),Current,5,1.9,5,64.3,2.6,3.7,3.7,2.6,4.9,1,1
EXXON MOBIL CORP (Quoted),Dec - 2009,5.8,2.1,5.5,66.1,2.6,3.7,3.7,2.5,5.1,1.5,1.5
EXXON MOBIL CORP (Quoted),Dec - 2008,6,2.7,6.2,66.5,2.6,3.7,3.7,2.2,4.9,1.4,1.4
FASTENAL CO (Quoted),Current,1,1,20,60.9,1.1,18.1,18.3,0,11.4,1,1
FASTENAL CO (Quoted),Current,1,1,19,59.9,1.1,18.1,18.3,0,11.4,1,1
FASTENAL CO (Quoted),Dec - 2009,1,1,25.2,66.1,1.4,18.1,18.3,0,11.4,1,1
FASTENAL CO (Quoted),Dec - 2008,1,1,24.2,65.1,1.4,16.4,16.5,0,2.9,1.2,1.2
FEDERAL HOME LOAN MORTGAGE CORP (FREDDIE MAC) (De-listed 07/2010) (Quoted),Jul - 2010,n.a.,n.a.,n.a.,n.a.,n.a.,n.a.,n.a.,n.a.,n.a.,n.a.,n.a.
FEDERAL HOME LOAN MORTGAGE CORP (FREDDIE MAC) (De-listed 07/2010) (Quoted),Jul - 2010,3.6,2.1,0.8,60.2,2.3,n.a.,n.a.,n.a.,n.a.,n.a.,n.a.
FEDERAL HOME LOAN MORTGAGE CORP (FREDDIE MAC) (De-listed 07/2010) (Quoted),Dec - 2008,3.7,2.5,4.1,60.8,2.3,1.3,1.3,2.5,5.8,1,1
FEDERAL HOME LOAN MORTGAGE CORP (FREDDIE MAC) (De-listed 07/2010) (Quoted),Dec - 2007,3.7,2.4,4.5,60.5,2.2,2.6,2.6,2.6,7.2,0.6,0.6
FLEETWOOD ENTERPRISES INC (De-listed 01/2009) (Quoted),Jan - 2009,n.a.,n.a.,n.a.,n.a.,n.a.,n.a.,n.a.,n.a.,n.a.,n.a.,n.a.
FLEETWOOD ENTERPRISES INC (De-listed 01/2009) (Quoted),Jan - 2009,2.9,2.1,10.3,65.9,1.9,n.a.,n.a.,n.a.,n.a.,n.a.,n.a.
FLEETWOOD ENTERPRISES INC (De-listed 01/2009) (Quoted),Apr - 2008,2.9,2.2,9.3,64.9,1.9,6,6,1.6,6.5,0.9,0.9
FLEETWOOD ENTERPRISES INC (De-listed 01/2009) (Quoted),Apr - 2007,2.5,2,8.3,63.9,1.9,6,6,1.6,6.5,0.9,0.9
FORD MOTOR CO (Quoted),Current,6.2,3,10.3,64.2,2.6,7.9,9.8,4,6.4,0.9,0.9
FORD MOTOR CO (Quoted),Current,5.3,2.8,10.2,63.2,2.5,7.9,9.8,4,6.4,0.9,0.9
FORD MOTOR CO (Quoted),Dec - 2009,5,2.7,11.4,62,2.4,7.6,9.7,3.2,6.5,0.9,0.9
FORD MOTOR CO (Quoted),Dec - 2008,4.8,3,9.9,61.1,2.4,6.9,9.1,3.4,6.9,0.8,0.8
FOSSIL INC (Quoted),Current,2.3,1.4,7.8,65.4,1.1,6.2,6.2,1.9,11,0.9,0.9
FOSSIL INC (Quoted),Current,2,1.1,6.9,65.3,1.1,6.2,6.2,1.9,11,0.9,0.9
FOSSIL INC (Quoted),Jan - 2010,2,1.1,7.8,66.6,0.9,6.2,6.2,1.6,10.9,0.9,0.9
FOSSIL INC (Quoted),Jan - 2009,2,1.1,6.8,65.6,0.9,6.8,6.8,1.4,10.9,0.9,0.9
FRED'S INC (Quoted),Current,1.2,1,13.4,62.3,0.7,7.4,7.4,0.4,7.8,0.9,0.9
FRED'S INC (Quoted),Current,1.2,1,12.5,62.3,0.7,7.4,7.4,0.4,7.8,0.9,0.9
FRED'S INC (Quoted),Jan - 2010,1.2,1,9.4,60.2,0.8,7.4,7.4,0.4,7.8,0.9,0.9
FRED'S INC (Quoted),Jan - 2009,1.3,1.2,8.3,60.7,0.7,6.3,6.3,0.4,8.1,1,1
FULLER(H.B.)CO (Quoted),Current,4,2.6,7.6,60.4,2.1,4.3,4.3,3.2,8.4,0.6,0.6
FULLER(H.B.)CO (Quoted),Current,4,2.6,7.6,60.4,2.1,4.3,4.3,3.2,8.4,0.6,0.6
FULLER(H.B.)CO (Quoted),Nov - 2009,3.6,2.4,6.5,60.5,1.8,3.4,3.4,3.1,8.9,0.7,0.7
FULLER(H.B.)CO (Quoted),Nov - 2008,3.6,2.5,5.6,59.5,1.8,3.1,3.1,2.7,8.6,1,1
FURNITURE BRANDS INTERNATIONAL INC (Quoted),Current,3.1,2,4.1,64.5,1.8,4.3,4.3,2.1,7.2,1.4,1.4
FURNITURE BRANDS INTERNATIONAL INC (Quoted),Current,3.1,2,5.2,63.7,1.4,4.3,4.3,2.1,7.2,1.4,1.4
FURNITURE BRANDS INTERNATIONAL INC (Quoted),Dec - 2009,3.4,1.8,3.7,61.9,1.4,4,4,2.2,7.4,0.9,0.9
FURNITURE BRANDS INTERNATIONAL INC (Quoted),Dec - 2008,3.5,1.8,10,65.4,1.9,3.9,3.9,2.1,7.3,0.9,0.9
GARDNER DENVER INC (Quoted),Current,2.1,1.8,9.6,61.4,2.1,4.8,4.8,0.9,7.3,0.8,0.8
GARDNER DENVER INC (Quoted),Current,2.1,1.8,8.6,60.4,2.1,4.8,4.8,0.9,7.3,0.8,0.8
GARDNER DENVER INC (Quoted),Dec - 2009,2.3,1.8,9.5,60.6,2,4.8,4.8,0.9,7.3,0.8,0.8
GARDNER DENVER INC (Quoted),Dec - 2008,1.8,1.5,8.5,60.8,2,4.3,6.1,0.8,6.8,0.7,0.7
GENERAL ELECTRIC CO (Quoted),Current,5.6,2.6,9,62.8,2.4,5.3,5.3,3.4,6.5,1.6,1.6
GENERAL ELECTRIC CO (Quoted),Current,5.5,2.6,8.5,62.1,2.4,5.3,5.3,3.4,6.5,1.6,1.6
GENERAL ELECTRIC CO (Quoted),Dec - 2009,6.3,3.1,8.6,62.9,2.5,4.9,5,3.5,6.5,1.6,1.6
GENERAL ELECTRIC CO (Quoted),Dec - 2008,6.4,3.3,8.2,61.9,2.5,4.8,4.9,5.3,6.2,1.6,1.6
GENERAL MOTORS CO (Quoted),Current,8.1,2.4,0.1,64,2.2,0,0,5.4,5.5,0.7,0.7
GENERAL MOTORS CO (Quoted),Current,8.1,2.4,0,63.9,2.2,0,0,5.4,5.5,0.7,0.7
GENESCO INC (Quoted),Current,2.6,1.9,9.4,63.2,2.7,3.5,11.4,1.6,8.8,3.2,3.2
GENESCO INC (Quoted),Current,2.6,2,8.5,63.1,2.7,3.5,11.4,1.6,8.8,3.2,3.2
GENESCO INC (Quoted),Jan - 2010,2.6,2,7.5,62.1,2.7,3.5,11.4,1.6,8.8,3.2,3.2
GENESCO INC (Quoted),Jan - 2009,2.4,1.8,7.8,62.2,2.5,3.5,11.4,1.6,8.8,3.2,3.2
GLOBAL PAYMENTS INC (Quoted),Current,3.9,1.8,8,65.3,2.4,1.8,3.8,3.1,7.5,0.9,0.9
GLOBAL PAYMENTS INC (Quoted),Current,3.9,1.8,7.4,65.1,2.4,1.8,3.8,3.1,7.5,0.9,0.9
GLOBAL PAYMENTS INC (Quoted),May - 2010,3.9,1.8,6.4,64.1,2.4,1.8,3.8,3.1,7.4,0.9,0.9
GLOBAL PAYMENTS INC (Quoted),May - 2009,3.9,1.9,5.4,63.1,2.4,1.8,3.8,3.1,7.4,0.9,0.9
GOLDMAN SACHS GROUP INC (Quoted),Current,6,2.1,6.2,65.4,2.3,3.7,3.7,2.6,4.7,0.8,0.8
GOLDMAN SACHS GROUP INC (Quoted),Current,6.1,2.7,6,64.7,2.6,3.7,3.7,2.6,4.7,0.8,0.8
GOLDMAN SACHS GROUP INC (Quoted),Dec - 2009,6.3,2.8,5.5,63.6,2.6,3.4,3.4,2.4,4.6,1.4,1.4
GOLDMAN SACHS GROUP INC (Quoted),Nov - 2008,5.9,2.7,5.1,63,2.7,3,3,2.3,4.7,1.4,1.4
GRIFFON CORP (Quoted),Current,2.1,1.4,15.4,66.4,1.4,14.2,14.2,1.5,13.4,1,1
GRIFFON CORP (Quoted),Current,4.1,2,1.7,58.4,2.3,14.2,14.2,1.5,13.4,1,1
GRIFFON CORP (Quoted),Dec - 2007,4.1,2,2.7,59.4,2.3,0.9,0.9,3.7,3.9,1,1
GRIFFON CORP (Quoted),Dec - 2008,4.1,2,1.7,58.4,2.3,0.9,0.9,3.7,3.9,1,1
GUESS INC (Quoted),Current,1.7,1.3,5.4,57.3,1.5,3,3,1.1,4.8,1.4,1.4
GUESS INC (Quoted),Current,2.4,1.6,5.9,60.2,1.8,3,3,1.1,4.8,1.4,1.4
GUESS INC (Quoted),Jan - 2010,2.4,1.6,4.9,59.2,1.8,3.2,3.2,1.4,3.7,1.3,1.3
GUESS INC (Quoted),Jan - 2009,2.4,1.6,4,58.2,1.8,3.2,3.2,1.4,3.7,1.3,1.3
HEARTLAND PAYMENT SYSTEMS INC (Quoted),Current,5.3,1.2,7.3,59.3,1.8,1.9,1.9,5,8.6,0.4,0.4
HEARTLAND PAYMENT SYSTEMS INC (Quoted),Current,5.3,1.2,6.3,58.3,1.8,1.9,1.9,5,8.6,0.4,0.4
HEARTLAND PAYMENT SYSTEMS INC (Quoted),Dec - 2009,5.3,1.5,5.3,57.3,1.8,1.9,1.9,5,8.6,0.4,0.4
HEARTLAND PAYMENT SYSTEMS INC (Quoted),Dec - 2008,4.7,1.7,4.6,55.1,1.9,1.9,1.9,5,8.6,0.4,0.4
HELIX ENERGY SOLUTIONS GROUP INC (Cal Dive International prior to 02/2006) (Quoted),Current,5,2.1,9,61.3,2.6,5.6,5.6,1.9,10.1,1.2,1.2
HELIX ENERGY SOLUTIONS GROUP INC (Cal Dive International prior to 02/2006) (Quoted),Current,5,2.7,8,60.3,2.6,5.6,5.6,1.9,10.1,1.2,1.2
HELIX ENERGY SOLUTIONS GROUP INC (Cal Dive International prior to 02/2006) (Quoted),Dec - 2009,5,2.8,8.2,60,2.7,5.6,5.6,1.9,10.1,1.2,1.2
HELIX ENERGY SOLUTIONS GROUP INC (Cal Dive International prior to 02/2006) (Quoted),Dec - 2008,4.6,2.7,6.9,58.3,2.6,5.1,5.1,2.1,10.8,1.2,1.2
HELMERICH & PAYNE INC (Quoted),Current,4,1.8,13.3,61.5,2.5,6,6,2.3,5.5,0.8,0.8
HELMERICH & PAYNE INC (Quoted),Current,4,1.8,12,60.3,2.5,6,6,2.3,5.5,0.8,0.8
HELMERICH & PAYNE INC (Quoted),Sep - 2009,4,2,11.8,62.1,2.3,6,6,2.3,5.7,0.8,0.8
HELMERICH & PAYNE INC (Quoted),Sep - 2008,4,2.2,11.1,62.5,2.3,5.9,5.9,2.1,8.7,0.9,0.9
HEWLETT-PACKARD (HP) CO (Quoted),Current,5,2.1,4.4,58.5,2.1,2.7,2.7,2.2,7.7,0.7,0.7
HEWLETT-PACKARD (HP) CO (Quoted),Current,4.6,2.3,3.6,57,2,2.7,2.7,2.2,7.7,0.7,0.7
HEWLETT-PACKARD (HP) CO (Quoted),Oct - 2009,3.9,2.1,4.8,59.1,2.1,2.4,2.4,1.9,8,0.6,0.6
HEWLETT-PACKARD (HP) CO (Quoted),Oct - 2008,3.8,2.6,3.8,58.1,2.1,4.3,14.4,1.9,6.5,0.6,0.6
HNI CORP (Hon Industries prior to 05/2004) (Quoted),Current,2.6,1.7,8.6,57.6,2.2,2.8,2.8,1.5,5.3,0.6,0.6
HNI CORP (Hon Industries prior to 05/2004) (Quoted),Current,2.5,1.9,7.5,58.1,2.3,2.8,2.8,1.5,5.3,0.6,0.6
HNI CORP (Hon Industries prior to 05/2004) (Quoted),Jan - 2010,2.4,1.8,6.4,56.6,2.2,2.7,2.7,1.3,5.4,0.6,0.6
HNI CORP (Hon Industries prior to 05/2004) (Quoted),Jan - 2009,2.1,1.5,5.3,54.8,2.2,2.6,2.6,1.3,5.4,0.7,0.7
HOLOGIC INC (Quoted),Current,3.8,2.8,6.1,61.7,2,2.6,7.7,2.2,5.1,0.6,0.6
HOLOGIC INC (Quoted),Current,3.8,2.8,4.9,60.7,2,2.6,7.7,2.2,5.1,0.6,0.6
HOLOGIC INC (Quoted),Sep - 2009,3.3,2.3,3.1,60.5,1.6,2.6,7.7,2.2,5.1,0.6,0.6
HOLOGIC INC (Quoted),Sep - 2008,1.5,1.3,5.3,63.4,2.3,2.6,7.2,1.7,5.3,0.9,0.9
HOME DEPOT INC (Quoted),Current,6,2.5,5.2,59.6,2,3.5,3.5,2.5,7.5,0.7,0.7
HOME DEPOT INC (Quoted),Current,6,2.5,4.3,59.5,2,3.5,3.5,2.5,7.5,0.7,0.7
HOME DEPOT INC (Quoted),Jan - 2010,5.4,2.4,3.1,57.4,2,3.5,3.5,2.5,7.4,0.7,0.7
HOME DEPOT INC (Quoted),Feb - 2009,7.2,3.6,7.8,62.4,1.8,3.4,3.4,2.6,7.6,0.7,0.7
HOVNANIAN ENTERPRISES INC (Quoted),Current,4.4,2.6,11.3,65.4,2.2,9,9,1.7,6.2,0.7,0.7
HOVNANIAN ENTERPRISES INC (Quoted),Current,4,2.6,10.1,64.4,2.2,9,9,1.7,6.2,0.7,0.7
HOVNANIAN ENTERPRISES INC (Quoted),Oct - 2009,3.6,2.2,9.1,63.4,2.2,9,9,1.7,6.2,0.7,0.7
HOVNANIAN ENTERPRISES INC (Quoted),Oct - 2008,3.6,2.4,8.1,62.4,2.2,9,9,1.6,6.2,0.7,0.7
HUB GROUP INC (Quoted),Current,2,1.3,14.8,67.3,2.7,0,0,0.8,8.1,1.2,1.2
HUB GROUP INC (Quoted),Current,2,1.3,13.8,66.3,2.7,0,0,0.8,8.1,1.2,1.2
HUB GROUP INC (Quoted),Dec - 2009,2,1.3,12.8,65.3,2.7,0,0,0.8,8.1,1.2,1.2
HUB GROUP INC (Quoted),Dec - 2008,2,1.3,11.8,64.3,2.7,0,0,0.8,8.1,1.2,1.2
HUDSON CITY BANCORP INC (Quoted),Current,1.4,1.1,8,66.9,2.6,3.6,3.6,0.7,3.3,0.7,0.7
HUDSON CITY BANCORP INC (Quoted),Current,1.1,1.1,8.7,67.9,2.6,3.6,3.6,0.7,3.3,0.7,0.7
HUDSON CITY BANCORP INC (Quoted),Dec - 2009,1.1,1.1,7.7,66.9,2.6,1.9,1.9,0.3,4.4,0.7,0.7
HUDSON CITY BANCORP INC (Quoted),Dec - 2008,1.1,1.1,6.7,65.9,2.6,1.9,1.9,0.3,4.4,0.7,0.7
IDT CORP (Quoted),Current,1.4,1,4.8,61,1.8,5.2,5,0.8,7.6,0.4,0.4
IDT CORP (Quoted),Current,1.5,1,5.5,62.5,2,5.2,5,0.8,7.6,0.4,0.4
IDT CORP (Quoted),Jul - 2010,3,1.3,3.1,62.3,2,5.2,5.2,0.9,7.3,0,0
IDT CORP (Quoted),Jul - 2009,3,1.3,2.1,61.3,2,0.9,0.9,2.8,11.3,0,0
IMATION CORP (Quoted),Current,4.1,1.9,7.9,61.6,2.2,5.5,5.5,3.3,6.8,0.8,0.8
IMATION CORP (Quoted),Current,3.9,1.8,9,63.7,1.8,5.5,5.5,3.3,6.8,0.8,0.8
IMATION CORP (Quoted),Dec - 2009,3.6,1.7,7.4,61.7,1.8,4,4,3.2,4.4,0.8,0.8
IMATION CORP (Quoted),Dec - 2008,3.6,1.7,6.4,60.7,1.8,4.2,4.2,3.2,5.1,0.7,0.7
INERGY HOLDINGS LP (De-listed 11/2010) (Quoted),Nov - 2010,n.a.,n.a.,n.a.,n.a.,n.a.,n.a.,n.a.,n.a.,n.a.,n.a.,n.a.
INERGY HOLDINGS LP (De-listed 11/2010) (Quoted),Nov - 2010,4.3,2.7,4.1,60,1.7,n.a.,n.a.,n.a.,n.a.,n.a.,n.a.
INERGY HOLDINGS LP (De-listed 11/2010) (Quoted),Sep - 2009,4,2.7,3.1,59,1.7,0.5,0.5,0.5,5.1,0.5,0.5
INERGY HOLDINGS LP (De-listed 11/2010) (Quoted),Sep - 2008,4,3,2.1,58,1.7,0.5,0.5,0.8,5.1,0.5,0.5
INTEL CORP (Quoted),Current,4,1.9,9,58.1,2.2,6.7,6.7,2.3,8.1,0.6,0.6
INTEL CORP (Quoted),Current,4.8,2.3,7.9,56.9,2.4,6.7,6.7,2.3,8.1,0.6,0.6
INTEL CORP (Quoted),Dec - 2009,5.7,3,7.8,58.4,2.9,6.4,6.4,3.2,7.7,0.8,0.8
INTEL CORP (Quoted),Dec - 2008,5.7,2.9,11.1,58.8,2.6,6.1,6.1,2.9,6.4,1,1
INTERNATIONAL ASSETS HOLDING CORP (Quoted),Current,2.1,1.1,6.2,58.4,0.7,7,7,0.7,8.2,1,1
INTERNATIONAL ASSETS HOLDING CORP (Quoted),Current,2.2,1.4,10,57.4,1.2,7,7,0.7,8.2,1,1
INTERNATIONAL ASSETS HOLDING CORP (Quoted),Sep - 2009,2.2,1.4,9,56.4,1.2,6.8,6.8,1,10.5,1.2,1.2
INTERNATIONAL ASSETS HOLDING CORP (Quoted),Sep - 2008,2,1.2,8,55.4,1.2,6.8,6.8,1,10.5,1.2,1.2
INTERNATIONAL BUSINESS MACHINES (IBM) CORP (Quoted),Current,5.5,3,6,63.8,2.3,4.2,4.2,3.8,4.5,1.4,1.4
INTERNATIONAL BUSINESS MACHINES (IBM) CORP (Quoted),Current,5.8,3.3,5.4,63.7,2.4,4.2,4.2,3.8,4.5,1.4,1.4
INTERNATIONAL BUSINESS MACHINES (IBM) CORP (Quoted),Dec - 2009,5.7,3.2,4.9,63,2.5,4.1,4.1,3.8,4,1.4,1.4
INTERNATIONAL BUSINESS MACHINES (IBM) CORP (Quoted),Dec - 2008,6.6,3.3,6.4,63.3,2.6,4,4,4,4,1.4,1.4
INVACARE CORP (Quoted),Current,3.2,1.9,14.9,66.7,2.6,11.3,11,2,5.5,1.3,1.3
INVACARE CORP (Quoted),Current,3.1,2,14.7,63.8,2.4,11.3,11,2,5.5,1.3,1.3
INVACARE CORP (Quoted),Dec - 2009,3.3,2,13.9,62.6,2.5,9.2,8.6,1.8,6.3,1.5,1.5
INVACARE CORP (Quoted),Dec - 2008,3.1,2.1,12.9,61.6,2.5,8.8,8.8,1.6,6.2,1.5,1.5
J CREW GROUP INC (Quoted),Current,5,1.6,6.7,62,1.9,4.5,4.5,4.2,9.8,0.6,0.6
J CREW GROUP INC (Quoted),Current,4.9,1.5,5.9,60.8,1.6,4.5,4.5,4.2,9.8,0.6,0.6
J CREW GROUP INC (Quoted),Jan - 2010,5.5,1.6,5.8,60.4,1.8,4.3,4.3,4.2,11.7,0.5,0.5
J CREW GROUP INC (Quoted),Jan - 2009,5.5,1.9,4.8,59.4,1.8,3.7,3.7,4,10.7,0.4,0.4
JEFFERIES GROUP INC (Quoted),Current,4.8,2.3,6.2,68.8,1,3.7,3.7,2.5,5.8,0.8,0.8
JEFFERIES GROUP INC (Quoted),Current,4.8,2.5,5.2,67.8,1,3.7,3.7,2.5,5.8,0.8,0.8
JEFFERIES GROUP INC (Quoted),Dec - 2009,4.8,2.8,4.2,66.8,1,3.7,3.7,2.5,5.8,0.8,0.8
JEFFERIES GROUP INC (Quoted),Dec - 2008,1.8,1.2,15.2,67.2,1.4,3.7,3.7,2.5,5.8,0.8,0.8
JOHNSON & JOHNSON (Quoted),Current,4.1,2.5,6.5,63.5,2.2,4.3,4.3,2.1,5.1,0.9,0.9
JOHNSON & JOHNSON (Quoted),Current,4.5,2.7,7.5,64.8,2.2,4.3,4.3,2.1,5.1,0.9,0.9
JOHNSON & JOHNSON (Quoted),Jan - 2010,3.9,2.3,7.2,64.3,2.3,5.3,5.3,2.1,4.6,0.9,0.9
JOHNSON & JOHNSON (Quoted),Dec - 2008,4.1,2.4,6,62.9,2.3,5,5,1.7,4,0.8,0.8
KANSAS CITY SOUTHERN (Kansas City Southern Industries prior to 05/2002) (Quoted),Current,4.4,2.6,6.3,59.6,2.3,6.5,7.1,2.6,5.9,0.5,0.5
KANSAS CITY SOUTHERN (Kansas City Southern Industries prior to 05/2002) (Quoted),Current,4.7,3.1,8,62.3,2.7,6.5,7.1,2.6,5.9,0.5,0.5
KANSAS CITY SOUTHERN (Kansas City Southern Industries prior to 05/2002) (Quoted),Dec - 2009,4.6,3,7,61.3,2.7,5.7,6,2.3,5.3,0.9,0.9
KANSAS CITY SOUTHERN (Kansas City Southern Industries prior to 05/2002) (Quoted),Dec - 2008,4.5,3,7,59.2,2.8,5.7,6,2.3,5.3,0.9,0.9
KAR Auction Services Inc (KAR Holdings Inc prior to 11/2009) (Listed 12/2009) (Private),Dec - 2009,n.a.,n.a.,n.a.,n.a.,n.a.,n.a.,n.a.,n.a.,n.a.,n.a.,n.a.
KAR Auction Services Inc (KAR Holdings Inc prior to 11/2009) (Listed 12/2009) (Private),Dec - 2009,4.2,1.4,1.7,41.3,1.6,n.a.,n.a.,n.a.,n.a.,n.a.,n.a.
KEY ENERGY SERVICES INC (Quoted),Current,3.2,2,7.6,57.3,1.9,5,5,1.6,8.4,0.5,0.5
KEY ENERGY SERVICES INC (Quoted),Current,3,2,7.4,58.2,2,5,5,1.6,8.4,0.5,0.5
KEY ENERGY SERVICES INC (Quoted),Dec - 2009,2.9,2,6.4,57.2,2,4.6,4.6,1.7,6,0.4,0.4
KEY ENERGY SERVICES INC (Quoted),Dec - 2008,2.7,1.8,5.4,56.2,2,4.6,4.6,1.5,6,0.4,0.4
KROGER CO (Quoted),Current,4.1,2.3,10.2,61.9,2.3,5.8,5.6,1.7,5.8,0.5,0.5
KROGER CO (Quoted),Current,3.8,2,9.2,61.6,2.3,5.8,5.6,1.7,5.8,0.5,0.5
KROGER CO (Quoted),Jan - 2010,3.8,2.1,8.2,60.6,2.3,5.8,5.6,1.9,5.5,0.5,0.5
KROGER CO (Quoted),Jan - 2009,4.3,2.3,9,61.6,2.2,5.8,5.6,1.8,5.5,0.5,0.5
LAM RESEARCH CORP (Quoted),Current,3.4,1.6,15.2,61.6,2.4,12.8,12.8,2,9.5,0.5,0.5
LAM RESEARCH CORP (Quoted),Current,3,1.4,17.3,67,2.4,12.8,12.8,2,9.5,0.5,0.5
LAM RESEARCH CORP (Quoted),Jun - 2010,2.5,1.5,14.5,65.6,2,10.6,10.6,1.8,7.7,0.5,0.5
LAM RESEARCH CORP (Quoted),Jun - 2009,2.5,1.5,13.5,64.6,2,11.1,11.1,1.6,6.5,0.7,0.7
LA-Z-BOY INC (Quoted),Current,2.4,1.8,9.4,62.8,2.4,10.1,10.1,1.5,4.4,1,1
LA-Z-BOY INC (Quoted),Current,2.3,1.8,10.6,64.3,2.3,10.1,10.1,1.5,4.4,1,1
LA-Z-BOY INC (Quoted),Apr - 2010,2.4,1.9,11.7,64,2.4,11.1,11.1,1.4,5.2,1.2,1.2
LA-Z-BOY INC (Quoted),Apr - 2009,2.4,1.9,11.9,64,2.3,11.1,11.1,1.4,5.3,1.2,1.2
LEAP WIRELESS INTERNATIONAL INC (Quoted),Current,7.1,2.7,4.7,58.1,2.3,3.6,3.6,2.2,6.4,0.7,0.7
LEAP WIRELESS INTERNATIONAL INC (Quoted),Current,6.9,3,3.7,57.1,2.3,3.6,3.6,2.2,6.4,0.7,0.7
LEAP WIRELESS INTERNATIONAL INC (Quoted),Dec - 2009,7.3,3.5,5.4,56.3,2.3,3.6,3.6,2.2,6.4,0.7,0.7
LEAP WIRELESS INTERNATIONAL INC (Quoted),Dec - 2008,7,4,4.4,55.3,2.3,2.5,2.5,2.2,7.3,0.8,0.8
LEHMAN BROTHERS HOLDINGS INC (De-listed 09/2008) (Quoted),Sep - 2008,n.a.,n.a.,n.a.,n.a.,n.a.,n.a.,n.a.,n.a.,n.a.,n.a.,n.a.
LEHMAN BROTHERS HOLDINGS INC (De-listed 09/2008) (Quoted),Sep - 2008,5,2.1,10.5,68.3,1.7,n.a.,n.a.,n.a.,n.a.,n.a.,n.a.
LEHMAN BROTHERS HOLDINGS INC (De-listed 09/2008) (Quoted),Nov - 2007,5,2.3,9.5,67.3,1.7,6.1,6.1,2.1,9.9,1.2,1.2
LEHMAN BROTHERS HOLDINGS INC (De-listed 09/2008) (Quoted),Nov - 2006,4.5,2.2,9.5,67.6,1.5,6.1,6.1,2.1,9.9,1.2,1.2
LOCKHEED MARTIN CORP (Quoted),Current,4,2.2,7.2,64.7,3.5,3.9,3.9,2.1,6.4,1.4,1.4
LOCKHEED MARTIN CORP (Quoted),Current,4,2.3,8,65.5,3.3,3.9,3.9,2.1,6.4,1.4,1.4
LOCKHEED MARTIN CORP (Quoted),Dec - 2009,4,2.5,7,64.5,3.3,4.3,4.3,1.9,5.6,1.4,1.4
LOCKHEED MARTIN CORP (Quoted),Dec - 2008,4.2,2.5,7.5,65.7,2.8,4.3,4.3,1.9,5.6,1.4,1.4
LOUISIANA-PACIFIC CORP (Quoted),Current,5,2.6,7.8,64.4,2.6,4.1,4.1,2.8,5.4,1.2,1.2
LOUISIANA-PACIFIC CORP (Quoted),Current,5.3,3,7.8,63.6,2.6,4.1,4.1,2.8,5.4,1.2,1.2
LOUISIANA-PACIFIC CORP (Quoted),Dec - 2009,5.3,3,6.8,62.6,2.6,3.3,3.3,2.9,6,1.3,1.3
LOUISIANA-PACIFIC CORP (Quoted),Dec - 2008,5.1,3,5.8,61.6,2.6,3.3,3.3,2.9,6,1.3,1.3
LOWE'S COS INC (Quoted),Current,5.2,2.9,8.1,65.6,2.4,3.9,3.9,3.2,5.3,2.8,2.8
LOWE'S COS INC (Quoted),Current,5.3,3,8,65.2,2.6,3.9,3.9,3.2,5.3,2.8,2.8
LOWE'S COS INC (Quoted),Jan - 2010,5.3,3.2,7,64.2,2.6,3.2,3.2,2.6,5.3,2.9,2.9
LOWE'S COS INC (Quoted),Jan - 2009,5.1,3.2,6,63.2,2.6,3.2,3.2,2.6,5.3,2.9,2.9
MARATHON OIL CORP (USX Marathon Group prior to 01/2002) (Quoted),Current,7.4,3.3,10.7,64.9,2.6,5.8,5.8,4.3,4.9,1.4,1.4
MARATHON OIL CORP (USX Marathon Group prior to 01/2002) (Quoted),Current,7.3,3.5,9.7,63.9,2.6,5.8,5.8,4.3,4.9,1.4,1.4
MARATHON OIL CORP (USX Marathon Group prior to 01/2002) (Quoted),Dec - 2009,6.5,3.3,9.2,63.1,2.5,5.8,5.8,4.2,4.9,1.4,1.4
MARATHON OIL CORP (USX Marathon Group prior to 01/2002) (Quoted),Dec - 2008,6.9,3.6,9,63,2.6,5.2,5.2,4.2,4.9,1.3,1.3
MASTEC INC (Quoted),Current,2.1,1.6,9.5,58.1,1.4,4.3,4.3,1.2,8.2,0.9,0.9
MASTEC INC (Quoted),Current,2,1.4,8.5,57.1,1.4,4.3,4.3,1.2,8.2,0.9,0.9
MASTEC INC (Quoted),Dec - 2009,2,1.4,7.5,56.1,1.4,4.3,4.3,1.3,8.2,0.9,0.9
MASTEC INC (Quoted),Dec - 2008,1.8,1.3,6.2,54.7,1.1,4.3,4.3,1.3,8.2,0.9,0.9
MAXIM INTEGRATED PRODUCTS (Quoted),Current,3.2,1.5,10.9,63.2,2.2,8.8,8.8,2,7.7,0.7,0.7
MAXIM INTEGRATED PRODUCTS (Quoted),Current,3,1.7,10.4,63.2,2.2,8.8,8.8,2,7.7,0.7,0.7
MAXIM INTEGRATED PRODUCTS (Quoted),Jun - 2010,2.8,1.7,9.4,62.2,2.2,8.8,8.8,1.7,7.7,0.7,0.7
MAXIM INTEGRATED PRODUCTS (Quoted),Jun - 2009,2.3,1.8,12.7,65.8,2.5,8.8,8.8,1.6,7.7,0.7,0.7
MCKESSON CORP (Quoted),Current,5.5,2,8.9,66,2.5,4.9,4.9,2,4.5,1.4,1.4
MCKESSON CORP (Quoted),Current,5.4,2.3,8.1,65.8,2.5,4.9,4.9,2,4.5,1.4,1.4
MCKESSON CORP (Quoted),Mar - 2010,5.7,2.4,7.5,65.6,2.2,4.9,4.9,1.9,4.3,1.4,1.4
MCKESSON CORP (Quoted),Mar - 2009,5.3,2.5,7.3,64.9,2.3,4.8,4.8,2,4.7,1.5,1.5
MEDCO HEALTH SOLUTIONS INC (Quoted),Current,4.9,2.1,5.7,63,2.3,1.8,1.8,2.8,5.8,1,1
MEDCO HEALTH SOLUTIONS INC (Quoted),Current,4.9,2.3,4.7,62,2.3,1.8,1.8,2.8,5.8,1,1
MEDCO HEALTH SOLUTIONS INC (Quoted),Dec - 2009,5.2,2.7,3.3,60,2.4,1.8,1.8,2.8,5.8,1,1
MEDCO HEALTH SOLUTIONS INC (Quoted),Dec - 2008,4.8,3,2.7,60,2.3,2,2,2.8,6.2,1.1,1.1
MEREDITH CORP (Quoted),Current,3.5,2,13.1,60.9,1.4,11.9,11.9,2.5,4.9,0.9,0.9
MEREDITH CORP (Quoted),Current,3.5,2,12.6,60.8,1.4,11.9,11.9,2.5,4.9,0.9,0.9
MEREDITH CORP (Quoted),Jun - 2010,4.4,2.4,11.8,62.7,1.6,11.9,11.9,2.5,4.8,0.9,0.9
MEREDITH CORP (Quoted),Jun - 2009,4,2.2,11.9,62,1.7,10.3,10.4,3,6.4,1,1
MERRILL LYNCH & CO INC (De-listed 01/2009) (Quoted),Jan - 2009,n.a.,n.a.,n.a.,n.a.,n.a.,n.a.,n.a.,n.a.,n.a.,n.a.,n.a.
MERRILL LYNCH & CO INC (De-listed 01/2009) (Quoted),Jan - 2009,3.8,2.5,4,61.1,2.1,n.a.,n.a.,n.a.,n.a.,n.a.,n.a.
MERRILL LYNCH & CO INC (De-listed 01/2009) (Quoted),Dec - 2007,4.5,2.8,6.1,61.9,1.9,3.5,3.9,2.8,5.4,0.9,0.9
MERRILL LYNCH & CO INC (De-listed 01/2009) (Quoted),Dec - 2006,4.5,2.8,6.1,60,1.8,7.8,7.8,2.7,6.8,0.9,0.9
METLIFE INC (Quoted),Current,4.4,2.8,5.3,59.9,2.6,2.6,2.6,4,7.4,0.9,0.9
METLIFE INC (Quoted),Current,4.1,2.6,5.2,60.8,2.5,2.6,2.6,4,7.4,0.9,0.9
METLIFE INC (Quoted),Dec - 2009,4.4,2.8,4.8,60.9,2.6,3.2,3.2,3.6,8.2,0.8,0.8
METLIFE INC (Quoted),Dec - 2008,4.9,2.8,5.5,63,2.7,3.1,3.1,3.9,8.3,0.9,0.9
METTLER TOLEDO INTERNATIONAL INC (Quoted),Current,3,2,6.8,58.4,2,4.4,4.4,1.5,6.6,0.5,0.5
METTLER TOLEDO INTERNATIONAL INC (Quoted),Current,3,2.1,5.8,57.4,2,4.4,4.4,1.5,6.6,0.5,0.5
METTLER TOLEDO INTERNATIONAL INC (Quoted),Dec - 2009,3.4,2.1,6.3,60.3,2,4.4,4.4,1.5,6.6,0.5,0.5
METTLER TOLEDO INTERNATIONAL INC (Quoted),Dec - 2008,3.6,2.4,6.1,60.6,2,3.7,3.7,1.4,7.3,0.5,0.5
MGIC INVESTMENT CORP (Quoted),Current,4.1,2,11.2,64.1,1.6,6.9,6.9,3,7.4,0.8,0.8
MGIC INVESTMENT CORP (Quoted),Current,4.1,2,13.3,63.7,1.7,6.9,6.9,3,7.4,0.8,0.8
MGIC INVESTMENT CORP (Quoted),Dec - 2009,4.1,2.1,12.3,62.7,1.7,5.2,5.2,3,7,0.9,0.9
MGIC INVESTMENT CORP (Quoted),Dec - 2008,4,2.2,11.3,61.7,1.7,5.2,5.2,3,7,0.9,0.9
Michael Foods Inc (Private),Current,4,n.a.,5.5,57.8,1.8,2.2,1.9,2.4,11.2,0.9,0.9
Michael Foods Inc (Private),Current,4,n.a.,4.6,57.8,1.8,2.2,1.9,2.4,11.2,0.9,0.9
Michael Foods Inc (Private),Jan - 2010,4,1,3.6,56.8,1.8,2.2,1.9,2.4,11.2,0.9,0.9
MICROSOFT CORP (Quoted),Current,4.6,2,12.6,59,2.3,11.9,11.9,2.7,5.4,0.7,0.7
MICROSOFT CORP (Quoted),Current,4.6,2,12.1,58.6,2.3,11.9,11.9,2.7,5.4,0.7,0.7
MICROSOFT CORP (Quoted),Jun - 2010,5.4,2.6,10.7,58,2.3,11.9,11.9,2.7,5.6,0.7,0.7
MICROSOFT CORP (Quoted),Jun - 2009,5.9,2.8,10,59.3,2.5,11.3,11.3,3.7,5.4,0.7,0.7
MILLER(HERMAN) INC (Quoted),Current,2.9,1.5,9.9,60,2.1,5.1,5.7,1.8,7,0.9,0.9
MILLER(HERMAN) INC (Quoted),Current,2.8,1.4,10.8,60.9,2.1,5.1,5.7,1.8,7,0.9,0.9
MILLER(HERMAN) INC (Quoted),May - 2010,2.8,1.5,10,59.2,2.2,6.7,7,1.6,7.4,0.9,0.9
MILLER(HERMAN) INC (Quoted),May - 2009,2.7,1.5,9,58.2,2.2,6.5,6.8,1.5,7.4,0.8,0.8
MILLIPORE CORP (De-listed 07/2010) (Quoted),Jul - 2010,n.a.,n.a.,n.a.,n.a.,n.a.,n.a.,n.a.,n.a.,n.a.,n.a.,n.a.
MILLIPORE CORP (De-listed 07/2010) (Quoted),Jul - 2010,3.6,2,11.4,65.3,3,n.a.,n.a.,n.a.,n.a.,n.a.,n.a.
MILLIPORE CORP (De-listed 07/2010) (Quoted),Dec - 2008,3.3,1.8,10.4,64.3,3,8.6,8.6,1.8,4,1.2,1.2
MILLIPORE CORP (De-listed 07/2010) (Quoted),Dec - 2007,3.2,2.3,9.4,63.3,3,8.6,8.6,1.8,4,1.2,1.2
MODINE MANUFACTURING CO (Quoted),Current,3,1.9,13.4,64.8,1.8,10.9,10.9,1.6,6.2,0.8,0.8
MODINE MANUFACTURING CO (Quoted),Current,3.3,1.9,17.4,66.5,2.1,10.9,10.9,1.6,6.2,0.8,0.8
MODINE MANUFACTURING CO (Quoted),Mar - 2010,3.3,2.1,16.4,65.5,2.1,8.9,8.9,1.6,6.2,0.6,0.6
MODINE MANUFACTURING CO (Quoted),Mar - 2009,3.1,2,15.4,64.5,2.1,8.9,8.9,1.6,6.2,0.6,0.6
MOODYS CORP (Quoted),Current,5.1,3,7.8,65.3,2.5,3.4,3.4,1.4,4.5,0.7,0.7
MOODYS CORP (Quoted),Current,5,3.3,6.8,64.3,2.5,3.4,3.4,1.4,4.5,0.7,0.7
MOODYS CORP (Quoted),Dec - 2009,5,3.3,5.8,63.3,2.5,3.4,3.4,1.3,4.5,0.7,0.7
MOODYS CORP (Quoted),Dec - 2008,5.1,3.7,5.6,63.6,2.4,3.4,3.4,1.3,4.5,0.7,0.7
MORGAN STANLEY (Morgan Stanley Dean Witter & Co prior to 07/2002) (Quoted),Current,5.5,2.6,6.5,63.8,1.9,3.9,4.6,3.7,3.8,0.8,0.8
MORGAN STANLEY (Morgan Stanley Dean Witter & Co prior to 07/2002) (Quoted),Current,5.8,2.8,5,61.1,2.3,3.9,4.6,3.7,3.8,0.8,0.8
MORGAN STANLEY (Morgan Stanley Dean Witter & Co prior to 07/2002) (Quoted),Dec - 2009,5.1,2.8,4.8,60,2.4,3.7,4.5,3.6,5.1,0.9,0.9
MORGAN STANLEY (Morgan Stanley Dean Witter & Co prior to 07/2002) (Quoted),Nov - 2008,5,3,3.8,59.4,2.5,3.4,4,2.8,5.4,0.7,0.7
MSC INDUSTRIAL DIRECT CO (Quoted),Current,1.8,1.6,8.1,61.6,2.2,5.7,5.7,0.4,5.1,0.4,0.4
MSC INDUSTRIAL DIRECT CO (Quoted),Current,1.8,1.6,7.7,61.6,2.2,5.7,5.7,0.4,5.1,0.4,0.4
MSC INDUSTRIAL DIRECT CO (Quoted),Aug - 2010,2,1.8,8.6,60.5,2.3,5.7,5.7,0.4,5.1,0.4,0.4
MSC INDUSTRIAL DIRECT CO (Quoted),Aug - 2009,2,1.7,10.2,61,2.3,4.8,4.8,0,5.7,0.4,0.4
MUELLER INDUSTRIES INC (Quoted),Current,1.8,1.2,7,64.2,1.2,3.6,3.6,1.9,6.1,1.1,1.1
MUELLER INDUSTRIES INC (Quoted),Current,1.8,1.3,6,63.2,1.2,3.6,3.6,1.9,6.1,1.1,1.1
MUELLER INDUSTRIES INC (Quoted),Dec - 2009,1.8,1.3,5,62.2,1.2,3.6,3.6,1.9,6.1,1.1,1.1
MUELLER INDUSTRIES INC (Quoted),Dec - 2008,2,1.4,4.8,62.4,1.2,3.6,3.6,1.9,6.1,1.1,1.1
NCI BUILDING SYSTEMS INC (Quoted),Current,3,2,4.2,57.1,1.9,6,6,1.7,14,0.6,0.6
NCI BUILDING SYSTEMS INC (Quoted),Current,3.4,2,5,59.8,1.6,6,6,1.7,14,0.6,0.6
NCI BUILDING SYSTEMS INC (Quoted),Nov - 2009,3.6,1.6,7,63.3,1.8,7,7,1.9,12.1,0.5,0.5
NCI BUILDING SYSTEMS INC (Quoted),Nov - 2008,4,1.7,7.6,63.6,1.9,5.7,5.7,1.9,5.8,0.6,0.6
NEW YORK COMMUNITY BANCORP INC (Quoted),Current,1.6,1,9.8,76,0.8,4.4,4.8,0.5,9.5,1.2,1.2
NEW YORK COMMUNITY BANCORP INC (Quoted),Current,1.6,1,8.8,75,0.8,4.4,4.8,0.5,9.5,1.2,1.2
NEW YORK COMMUNITY BANCORP INC (Quoted),Dec - 2009,1.6,1,7.8,74,0.8,4.4,4.8,0.5,9.5,1.2,1.2
NEW YORK COMMUNITY BANCORP INC (Quoted),Dec - 2008,1.5,1,6.6,72.5,0.8,4.4,4.8,0.5,9.5,1.2,1.2
NEWFIELD EXPLORATION CO (Quoted),Current,4.3,2,10.6,62.6,2.6,5.8,5.8,3.7,5,1.1,1.1
NEWFIELD EXPLORATION CO (Quoted),Current,4.9,2.1,10.1,62.2,2.6,5.8,5.8,3.7,5,1.1,1.1
NEWFIELD EXPLORATION CO (Quoted),Dec - 2009,4.9,1.9,8.9,61.3,2.6,5.4,5.5,4,5,1,1
NEWFIELD EXPLORATION CO (Quoted),Dec - 2008,4.6,1.8,7.9,60.3,2.6,5.6,5.6,4.2,5.2,1.1,1.1
NOVELLUS SYSTEMS INC (Quoted),Current,3.4,1.6,10.1,63.9,2,4.2,4.2,2.4,8.4,0.8,0.8
NOVELLUS SYSTEMS INC (Quoted),Current,3.1,1.6,9.4,63.8,2,4.2,4.2,2.4,8.4,0.8,0.8
NOVELLUS SYSTEMS INC (Quoted),Dec - 2009,3.1,1.9,8.4,62.8,2,4.1,4.1,2.4,8.2,0.7,0.7
NOVELLUS SYSTEMS INC (Quoted),Dec - 2008,3.1,2.1,7.4,61.8,2,4.1,4.1,2.4,8.2,0.7,0.7
NUSTAR ENERGY LP (Valero LP prior to 04/2007) (Quoted),Current,2.4,1.6,6.9,68.2,1.2,2,2,1.5,3.4,1.2,1.2
NUSTAR ENERGY LP (Valero LP prior to 04/2007) (Quoted),Current,2.4,1.6,5.9,67.2,1.2,2,2,1.5,3.4,1.2,1.2
NUSTAR ENERGY LP (Valero LP prior to 04/2007) (Quoted),Dec - 2009,2.4,1.6,4.9,66.2,1.2,2,2,1.5,3.4,1.2,1.2
NUSTAR ENERGY LP (Valero LP prior to 04/2007) (Quoted),Dec - 2008,2.4,1.6,3.9,65.2,1.2,2,2,1.5,3.4,1.2,1.2
OCEANEERING INTERNATIONAL INC (Quoted),Current,3,2,25,68.2,2,13,13,2.1,3.4,1.4,1.4
OCEANEERING INTERNATIONAL INC (Quoted),Current,3,2,24,67.2,2,13,13,2.1,3.4,1.4,1.4
OCEANEERING INTERNATIONAL INC (Quoted),Dec - 2009,3,2.2,23,66.2,2,13,13,2.1,3.4,1.4,1.4
OCEANEERING INTERNATIONAL INC (Quoted),Dec - 2008,3,2.2,22,65.2,2,13,13,2.1,3.4,1.4,1.4
OHIO CASUALTY CORP (De-listed 08/2007) (Quoted),Aug - 2007,n.a.,n.a.,n.a.,n.a.,n.a.,n.a.,n.a.,n.a.,n.a.,n.a.,n.a.
OHIO CASUALTY CORP (De-listed 08/2007) (Quoted),Aug - 2007,2.7,1.8,7,57.2,2.4,n.a.,n.a.,n.a.,n.a.,n.a.,n.a.
OHIO CASUALTY CORP (De-listed 08/2007) (Quoted),Dec - 2006,2.4,1.6,6.7,56.8,2.5,4.6,4.6,2.1,4.8,1.5,1.5
OHIO CASUALTY CORP (De-listed 08/2007) (Quoted),Dec - 2005,2.3,1.8,5,55.9,2.4,4.3,4.3,2.1,4.9,1.6,1.6
OIL STATES INTERNATIONAL INC (Quoted),Current,3.5,1.8,8.6,62.9,2,3.6,3.6,1.3,5,0.7,0.7
OIL STATES INTERNATIONAL INC (Quoted),Current,3.4,2,7.6,61.9,2,3.6,3.6,1.3,5,0.7,0.7
OIL STATES INTERNATIONAL INC (Quoted),Dec - 2009,3.4,2,6.6,60.9,2,3.6,3.6,1.1,5,0.7,0.7
OIL STATES INTERNATIONAL INC (Quoted),Dec - 2008,3.4,2.1,6.4,60.1,1.9,3.6,3.6,1.1,5,0.7,0.7
OLIN CORP (Quoted),Current,2.1,1.3,6.6,61,2,4,4,1.1,3.6,0.7,0.7
OLIN CORP (Quoted),Current,2.1,1.3,5.6,60,2,4,4,1.1,3.6,0.7,0.7
OLIN CORP (Quoted),Dec - 2009,2.3,1.3,5.3,59.4,2,4,4,1.1,3.6,0.7,0.7
OLIN CORP (Quoted),Dec - 2008,3,1.5,5.3,58.9,2.6,3.8,3.8,1,3.7,0.8,0.8
OM GROUP INC (Quoted),Current,2.8,1.8,6.3,62.8,1.6,2,2,1.7,6.6,0.8,0.8
OM GROUP INC (Quoted),Current,2.8,2,4.9,61.7,1.5,2,2,1.7,6.6,0.8,0.8
OM GROUP INC (Quoted),Dec - 2009,2.7,1.8,3.9,60.7,1.5,2,2,1.7,6,0.8,0.8
OM GROUP INC (Quoted),Dec - 2008,2.5,1.7,2.9,59.7,1.5,2,2,1.4,6,0.8,0.8
PACER INTERNATIONAL INC (Quoted),Current,1.8,1.2,4.4,67.5,1.3,2.5,2.5,0.9,3.4,1.1,1.1
PACER INTERNATIONAL INC (Quoted),Current,1.8,1.2,3.4,66.5,1.3,2.5,2.5,0.9,3.4,1.1,1.1
PACER INTERNATIONAL INC (Quoted),Dec - 2009,2,1.2,3.8,60.8,1.4,2.5,2.5,0.9,3.4,1.1,1.1
PACER INTERNATIONAL INC (Quoted),Dec - 2008,2,1.2,2.8,59.8,1.4,1.7,1.7,0.6,11.9,1.2,1.2
PAETEC HOLDING CORP (Quoted),Current,2.4,1.7,3.3,56.9,1.9,0.8,0.8,1.3,5.4,1.4,1.4
PAETEC HOLDING CORP (Quoted),Current,2.4,1.7,2.3,55.9,1.9,0.8,0.8,1.3,5.4,1.4,1.4
PAETEC HOLDING CORP (Quoted),Dec - 2009,2.6,1.7,1.6,56.6,2,0.8,0.8,1.3,5.4,1.4,1.4
PAETEC HOLDING CORP (Quoted),Dec - 2008,2.5,1.7,0.8,55.5,2,0.5,0.5,1.2,6.9,1.2,1.2
PALM INC (Palmone prior to 07/2005) (De-listed 07/2010) (Quoted),Jul - 2010,n.a.,n.a.,n.a.,n.a.,n.a.,n.a.,n.a.,n.a.,n.a.,n.a.,n.a.
PALM INC (Palmone prior to 07/2005) (De-listed 07/2010) (Quoted),Jul - 2010,4.9,2,3.4,58.1,1.9,n.a.,n.a.,n.a.,n.a.,n.a.,n.a.
PALM INC (Palmone prior to 07/2005) (De-listed 07/2010) (Quoted),May - 2009,4.9,2.3,3.1,58,1.9,2.8,2.8,2,5.9,0.6,0.6
PALM INC (Palmone prior to 07/2005) (De-listed 07/2010) (Quoted),May - 2008,4.9,2.6,3.8,55.6,1.7,2.6,2.6,2,4.4,0.6,0.6
PAYCHEX INC (Quoted),Current,3.4,1.9,14.3,58.9,2,13.4,13.4,1.8,6.9,0.5,0.5
PAYCHEX INC (Quoted),Current,3.7,1.8,16,59,2,13.4,13.4,1.8,6.9,0.5,0.5
PAYCHEX INC (Quoted),May - 2010,3,1.7,16.8,59.7,2.1,13,13,1.8,7.4,0.6,0.6
PAYCHEX INC (Quoted),May - 2009,3,1.7,15.8,58.7,2.1,12.8,12.8,1.7,8,0.6,0.6
PC CONNECTION (Quoted),Current,1.6,1,12,65.2,2,9,11.4,0.8,10.3,0.6,0.6
PC CONNECTION (Quoted),Current,1.6,1,11,64.2,2,9,11.4,0.8,10.3,0.6,0.6
PC CONNECTION (Quoted),Dec - 2009,1.6,1,11.4,64.2,2,9,11.4,0.8,10.3,0.6,0.6
PC CONNECTION (Quoted),Dec - 2008,1.8,1.3,9.7,65.8,2,7.8,10,0.8,9.5,0.6,0.6
PENN NATIONAL GAMING INC (Quoted),Current,4,2.3,12.5,63,1.7,5.8,5.8,5.4,14.1,0.5,0.5
PENN NATIONAL GAMING INC (Quoted),Current,4,2.3,11.5,62,1.7,5.8,5.8,5.4,14.1,0.5,0.5
PENN NATIONAL GAMING INC (Quoted),Dec - 2009,3.8,2.3,10.5,61,1.7,5.8,5.8,5.4,14.1,0.5,0.5
PENN NATIONAL GAMING INC (Quoted),Dec - 2008,1.6,1,11.5,62.8,1.8,5.8,5.8,5,14.1,0.5,0.5
PEPSICO INC (Quoted),Current,3.9,2.6,8.3,61.4,2.2,6.5,6.5,2.4,7.1,0.8,0.8
PEPSICO INC (Quoted),Current,3.9,2.6,7.3,60.4,2.2,6.5,6.5,2.4,7.1,0.8,0.8
PEPSICO INC (Quoted),Dec - 2009,3.9,2.5,6.9,61.1,2.1,6.5,6.5,2.4,7.1,0.8,0.8
PEPSICO INC (Quoted),Dec - 2008,3.8,2.4,7.5,60.9,2.4,6.4,6.4,2.1,4.7,0.8,0.8
PERRIGO CO (Quoted),Current,2.4,1.4,9.2,58.8,1.8,7.4,7.9,1.3,5.2,1,1
PERRIGO CO (Quoted),Current,2.4,1.4,8.7,58.8,1.8,7.4,7.9,1.3,5.2,1,1
PERRIGO CO (Quoted),Jun - 2010,2.4,1.7,7.7,57.8,1.8,7.4,7.9,1.3,5.2,1,1
PERRIGO CO (Quoted),Jun - 2009,2.4,1.8,7.4,57.4,1.8,7.4,7.9,1.3,5.2,1,1
PFIZER INC (Quoted),Current,5.6,2.5,9.9,66.6,2.3,7.6,12.8,3.1,5.1,0.7,0.7
PFIZER INC (Quoted),Current,5.7,2.5,9.1,66.1,2.3,7.6,12.8,3.1,5.1,0.7,0.7
PFIZER INC (Quoted),Dec - 2009,6,2.7,10.2,65.7,2,7.3,12.4,3,5.3,0.7,0.7
PFIZER INC (Quoted),Dec - 2008,5.8,2.8,9.2,64.7,2,6.4,12,3.2,5.8,0.6,0.6
PIEDMONT NATURAL GAS CO INC (Quoted),Current,1.5,1.2,10.4,62.6,2.3,8.2,9.5,1.2,5.5,1.6,1.6
PIEDMONT NATURAL GAS CO INC (Quoted),Current,1.5,1.2,9.2,61.6,2.3,8.2,9.5,1.2,5.5,1.6,1.6
PIEDMONT NATURAL GAS CO INC (Quoted),Oct - 2009,1.5,1.3,8.2,60.6,2.3,8.2,9.5,1.2,5.5,1.6,1.6
PIEDMONT NATURAL GAS CO INC (Quoted),Oct - 2008,1.5,1.3,7.2,60.6,2.3,8.2,9.5,1.2,5.5,1.6,1.6
PLEXUS CORP (Quoted),Current,1.8,1.4,8.9,59.1,1.7,8.5,8.5,1.2,7,1.1,1.1
PLEXUS CORP (Quoted),Current,1.9,1.5,8.8,59.3,1.5,8.5,8.5,1.2,7,1.1,1.1
PLEXUS CORP (Quoted),Oct - 2009,1.9,1.5,7.7,58.3,1.5,8.5,8.5,1.3,6.6,1,1
PLEXUS CORP (Quoted),Sep - 2008,1.9,1.4,7.8,58.9,1.3,8.5,8.5,1.3,6.6,1,1
PLUM CREEK TIMBER CO INC (Quoted),Current,4,2.3,6.9,64.6,2.3,3.5,3.5,2.8,6.5,0.7,0.7
PLUM CREEK TIMBER CO INC (Quoted),Current,3.3,2,6.8,64,2.1,3.5,3.5,2.8,6.5,0.7,0.7
PLUM CREEK TIMBER CO INC (Quoted),Dec - 2009,3,1.8,6.2,64.6,2.1,2.8,2.8,2.5,6.8,0.6,0.6
PLUM CREEK TIMBER CO INC (Quoted),Dec - 2008,3,1.8,5.2,63.6,2.1,2.9,2.9,2.4,7.7,0.6,0.6
POGO PRODUCING CO (De-listed 11/2007) (Quoted),Nov - 2007,n.a.,n.a.,n.a.,n.a.,n.a.,n.a.,n.a.,n.a.,n.a.,n.a.,n.a.
POGO PRODUCING CO (De-listed 11/2007) (Quoted),Nov - 2007,2.1,1.3,6.5,62.6,1.9,n.a.,n.a.,n.a.,n.a.,n.a.,n.a.
POGO PRODUCING CO (De-listed 11/2007) (Quoted),Dec - 2006,2.3,1.6,6.6,63,2.5,4,4,1.9,5.7,1,1
POGO PRODUCING CO (De-listed 11/2007) (Quoted),Dec - 2005,2.3,1.6,6.5,61.7,2.4,4.6,4.6,1.8,6.6,1.9,1.9
POLARIS INDUSTRIES INC (Quoted),Current,2,1.6,7.4,58,2.1,4.6,4.6,1.3,8.1,0.6,0.6
POLARIS INDUSTRIES INC (Quoted),Current,1.9,1.6,8.4,58.6,2,4.6,4.6,1.3,8.1,0.6,0.6
POLARIS INDUSTRIES INC (Quoted),Dec - 2009,1.9,1.6,7.7,56.4,2.1,4.8,4.8,1.4,8.1,0.5,0.5
POLARIS INDUSTRIES INC (Quoted),Dec - 2008,1.9,1.6,6.4,56.6,2,4.7,4.7,1.3,8.3,0.6,0.6
POOL CORP (SCP Pool prior to 05/2006) (Quoted),Current,6,2.7,12.2,63.7,1.9,3.9,3.9,4.1,7.9,0.6,0.6
POOL CORP (SCP Pool prior to 05/2006) (Quoted),Current,6,2.9,11.2,62.7,1.9,3.9,3.9,4.1,7.9,0.6,0.6
POOL CORP (SCP Pool prior to 05/2006) (Quoted),Dec - 2009,5.7,2.7,10.2,61.7,1.9,3.9,3.9,4.1,7.9,0.6,0.6
POOL CORP (SCP Pool prior to 05/2006) (Quoted),Dec - 2008,5.6,3,9.2,60.7,1.9,3.9,3.9,3.8,7.9,0.6,0.6
PORTLAND GENERAL ELECTRIC CO (Quoted),Current,2.6,1.6,5.5,60.4,2.4,2.7,9.8,1.9,6.4,0.8,0.8
PORTLAND GENERAL ELECTRIC CO (Quoted),Current,2.5,1.7,4.5,59.4,2.4,2.7,9.8,1.9,6.4,0.8,0.8
PORTLAND GENERAL ELECTRIC CO (Quoted),Dec - 2009,2.5,1.5,3.2,58.1,2.3,2.7,9.8,1.9,6.4,0.8,0.8
PORTLAND GENERAL ELECTRIC CO (Quoted),Dec - 2008,2.3,1.4,2.1,55.6,2.2,1,1,2.1,7.1,0.8,0.8
POTLATCH CORP (Quoted),Current,2.9,1.8,8.4,59.6,2.3,2.3,2.3,1.7,6.4,0.7,0.7
POTLATCH CORP (Quoted),Current,2.9,1.8,7.4,58.6,2.3,2.3,2.3,1.7,6.4,0.7,0.7
POTLATCH CORP (Quoted),Dec - 2009,2.6,1.5,6.4,57.6,2.3,2.3,2.3,1.7,6.4,0.7,0.7
POTLATCH CORP (Quoted),Dec - 2008,3.1,1.7,6.6,57.2,2.4,2.3,2.3,1.6,6.4,0.7,0.7
PROCTER & GAMBLE CO (Quoted),Current,5,2.7,4.8,57.4,2.3,3.8,4.1,3.9,4.3,0.8,0.8
PROCTER & GAMBLE CO (Quoted),Current,5.1,2.8,4.9,57.8,2.2,3.8,4.1,3.9,4.3,0.8,0.8
PROCTER & GAMBLE CO (Quoted),Jun - 2010,4.6,3.1,7.9,61.6,2.4,3.6,3.9,4,4,0.8,0.8
PROCTER & GAMBLE CO (Quoted),Jun - 2009,4.7,3.1,6.8,59.7,2.5,5.1,5.1,1.7,5.2,0.7,0.7
PSS WORLD MEDICAL INC (Quoted),Current,3.3,2.4,8,64.3,1.9,5,5,1.7,4.9,1.5,1.5
PSS WORLD MEDICAL INC (Quoted),Current,3.3,2.4,7.4,64.3,1.9,5,5,1.7,4.9,1.5,1.5
PSS WORLD MEDICAL INC (Quoted),Apr - 2010,3.1,2.3,6.3,63.3,1.9,5,5,1.7,4.9,1.5,1.5
PSS WORLD MEDICAL INC (Quoted),Mar - 2009,3.1,2.3,7.3,64.9,1.3,5,5,1.5,4.9,1.5,1.5
PSYCHIATRIC SOLUTIONS INC (De-listed 11/2010) (Quoted),Nov - 2010,n.a.,n.a.,n.a.,n.a.,n.a.,n.a.,n.a.,n.a.,n.a.,n.a.,n.a.
PSYCHIATRIC SOLUTIONS INC (De-listed 11/2010) (Quoted),Nov - 2010,2,1,8.2,55.5,1.8,n.a.,n.a.,n.a.,n.a.,n.a.,n.a.
PSYCHIATRIC SOLUTIONS INC (De-listed 11/2010) (Quoted),Dec - 2009,2,1,7.2,54.5,1.8,3.3,3.3,0.8,10,0.9,0.9
PSYCHIATRIC SOLUTIONS INC (De-listed 11/2010) (Quoted),Dec - 2008,2,1,6.2,53.5,1.8,3.3,3.3,0.8,10,0.9,0.9
PUBLIC STORAGE (Public Storage Inc prior to 06/2007) (Quoted),Current,3.3,1.5,12.6,63.5,1.3,10.5,11.4,2,9.3,0.9,0.9
PUBLIC STORAGE (Public Storage Inc prior to 06/2007) (Quoted),Current,3.1,1.5,14.6,64.4,1.1,10.5,11.4,2,9.3,0.9,0.9
PUBLIC STORAGE (Public Storage Inc prior to 06/2007) (Quoted),Dec - 2009,3,1.4,13.2,62.4,1.1,9.5,9.2,2,10.3,0.8,0.8
PUBLIC STORAGE (Public Storage Inc prior to 06/2007) (Quoted),Dec - 2008,3.1,1.6,14.1,64.2,1.2,9.9,9.7,1.9,10.5,0.9,0.9
RADIAN GROUP INC (Quoted),Current,1.6,1.1,11.8,67.2,1.3,2.7,2.7,0.7,4.2,1.2,1.2
RADIAN GROUP INC (Quoted),Current,1.6,1.1,10.8,66.2,1.3,2.7,2.7,0.7,4.2,1.2,1.2
RADIAN GROUP INC (Quoted),Dec - 2009,1.6,1.1,9.8,65.2,1.3,2.7,2.7,0.7,4.2,1.2,1.2
RADIAN GROUP INC (Quoted),Dec - 2008,1.6,1.2,8.8,64.2,1.3,2.7,2.7,0.7,4.2,1.2,1.2
REGAL-BELOIT CORP (Quoted),Current,2,1.8,6,59.7,2,4.2,4.2,1,7.1,0.9,0.9
REGAL-BELOIT CORP (Quoted),Current,2,1.7,5.9,59.7,2,4.2,4.2,1,7.1,0.9,0.9
REGAL-BELOIT CORP (Quoted),Jan - 2010,2,1.7,4.8,57.7,2,3.8,3.8,1.1,7.1,0.9,0.9
REGAL-BELOIT CORP (Quoted),Dec - 2008,2,1.7,3.8,56.7,2,3.8,3.8,1.1,7.1,0.9,0.9
RES-CARE INC (Quoted),Current,3.5,2.3,8.5,60.5,2.5,5.2,5.2,1.7,10.6,0.9,0.9
RES-CARE INC (Quoted),Current,3.5,2.3,7.5,59.5,2.5,5.2,5.2,1.7,10.6,0.9,0.9
RES-CARE INC (Quoted),Dec - 2009,3.5,2.3,6.5,58.5,2.5,5.2,5.2,1.7,10.6,0.9,0.9
RES-CARE INC (Quoted),Dec - 2008,3.5,2.4,5.5,57.5,2.5,5.2,5.2,1.7,10.6,0.9,0.9
RETAIL VENTURES INC (Quoted),Current,3.4,1.6,6.9,64.4,1.3,0.6,0.6,1.2,7.2,1.2,1.2
RETAIL VENTURES INC (Quoted),Current,3.4,1.7,6,64.3,1.3,0.6,0.6,1.2,7.2,1.2,1.2
RETAIL VENTURES INC (Quoted),Jan - 2010,3.4,2,5,63.3,1.3,0.6,0.6,1.2,7,1.2,1.2
RETAIL VENTURES INC (Quoted),Jan - 2009,3.4,2,4.1,62.3,1.3,0.6,0.6,1.2,7,1.2,1.2
ROPER INDUSTRIES INC (Quoted),Current,5.6,3.1,9.6,61.3,2,5.8,5.8,1.4,6.1,0.5,0.5
ROPER INDUSTRIES INC (Quoted),Current,5.4,3,8.6,60.3,2,5.8,5.8,1.4,6.1,0.5,0.5
ROPER INDUSTRIES INC (Quoted),Dec - 2009,5.4,3.5,8.8,60.6,1.8,5.8,5.8,1.2,6.1,0.5,0.5
ROPER INDUSTRIES INC (Quoted),Dec - 2008,5.1,3.5,9.5,61.9,1.8,6.2,6.2,1.1,6.7,0.8,0.8
RSC HOLDINGS INC (Quoted),Current,4.4,1.7,3.2,56.7,1.9,1.1,1.1,2.7,5.7,0.6,0.6
RSC HOLDINGS INC (Quoted),Current,3.1,1.7,2.7,53.1,2.1,1.1,1.1,2.7,5.7,0.6,0.6
RSC HOLDINGS INC (Quoted),Dec - 2009,3.1,1.7,1.8,48.5,1.5,0.5,0.5,1.5,8.7,0.6,0.6
RSC HOLDINGS INC (Quoted),Dec - 2008,2.7,1.7,0.9,47.3,1.4,0.5,0.5,2.4,9.3,1.1,1.1
RUSSELL CORP (De-listed 08/2006) (Quoted),Aug - 2006,n.a.,n.a.,n.a.,n.a.,n.a.,n.a.,n.a.,n.a.,n.a.,n.a.,n.a.
RUSSELL CORP (De-listed 08/2006) (Quoted),Aug - 2006,3,2.6,13.5,57.4,2,n.a.,n.a.,n.a.,n.a.,n.a.,n.a.
RUSSELL CORP (De-listed 08/2006) (Quoted),Dec - 2005,3,2.6,12.6,57.3,2,11.2,11.2,2.4,6.4,0.8,0.8
RUSSELL CORP (De-listed 08/2006) (Quoted),Jan - 2005,2,1.9,14.3,56.8,1.6,11.2,11.2,2.4,6.2,0.8,0.8
SAFEWAY INC (Quoted),Current,5.4,1.9,6.7,60.9,2.1,6.2,6.2,3.6,5.3,0.8,0.8
SAFEWAY INC (Quoted),Current,4.9,2.1,7.7,61.5,1.9,6.2,6.2,3.6,5.3,0.8,0.8
SAFEWAY INC (Quoted),Jan - 2010,5.1,2.2,7.9,61.1,1.9,7.4,7.1,3.4,5.8,1,1
SAFEWAY INC (Quoted),Jan - 2009,5.4,2.4,8.6,58.9,1.9,7,6.5,3.5,5.9,1,1
SANDERSON FARMS INC (Quoted),Current,1.2,1.1,10.8,65.5,1.6,7.9,7.9,0.4,9.8,1.7,1.7
SANDERSON FARMS INC (Quoted),Current,1.2,1.1,9.6,64.5,1.6,7.9,7.9,0.4,9.8,1.7,1.7
SANDERSON FARMS INC (Quoted),Oct - 2009,1.2,1.1,8.6,63.5,1.6,7.9,7.9,0.4,9.8,1.7,1.7
SANDERSON FARMS INC (Quoted),Oct - 2008,1.2,1.2,7.6,62.5,1.6,7.9,7.9,0.4,9.8,1.7,1.7
SCANSOURCE INC (Quoted),Current,1.8,1.4,9.5,65.6,1.6,5.1,5.1,0.4,7.6,0.8,0.8
SCANSOURCE INC (Quoted),Current,1.8,1.4,9,65.6,1.6,5.1,5.1,0.4,7.6,0.8,0.8
SCANSOURCE INC (Quoted),Jun - 2010,1.6,1.4,8,64.6,1.6,5.1,5.1,0.4,7.6,0.8,0.8
SCANSOURCE INC (Quoted),Jun - 2009,1.5,1.3,8.9,64.3,1.5,5.1,5.1,0.5,7.6,0.8,0.8
SCHULMAN(A) INC (Quoted),Current,4.3,2.2,4.2,65.9,2.1,2.9,2.9,2.6,4.4,1.3,1.3
SCHULMAN(A) INC (Quoted),Current,3.9,2.2,3.7,65,2.2,2.9,2.9,2.6,4.4,1.3,1.3
SCHULMAN(A) INC (Quoted),Aug - 2010,4,2.2,3.3,63.9,2.3,2.7,2.7,2.6,4.5,1.2,1.2
SCHULMAN(A) INC (Quoted),Aug - 2009,3.8,2,5.5,64.2,2.3,2.5,2.5,2.7,4.8,1.3,1.3
SCRIPPS NETWORKS INTERACTIVE INC (Quoted),Current,5.4,2.2,2.4,62.6,1.5,0.2,0.2,3.9,6.5,0.8,0.8
SCRIPPS NETWORKS INTERACTIVE INC (Quoted),Current,5.4,2.4,1.4,61.7,1.5,0.2,0.2,3.9,6.5,0.8,0.8
SCRIPPS NETWORKS INTERACTIVE INC (Quoted),Dec - 2009,5.8,2.8,0.4,61.9,1.4,0.2,0.2,3.9,6.4,0.8,0.8
SCRIPPS(EW)CO (Quoted),Current,2.3,1.8,8.9,62.6,1.4,9.2,9.2,0.8,7.1,0.9,0.9
SCRIPPS(EW)CO (Quoted),Current,2.3,1.8,8.9,62.6,1.4,9.2,9.2,0.8,7.1,0.9,0.9
SCRIPPS(EW)CO (Quoted),Dec - 2009,1.8,1.6,9.2,62.3,1.3,9.2,9.2,0.8,7.1,0.9,0.9
SCRIPPS(EW)CO (Quoted),Dec - 2008,3.8,2.2,11.3,60.2,1.4,9.5,10.5,0.4,8.2,0.8,0.8
SEALY CORP (Quoted),Current,3.4,2.1,5.1,54.1,2.4,5.3,5.3,1.9,8.5,0.7,0.7
